oeuvre,oeuvreLabel,mouvement,mouvementLabel
http://www.wikidata.org/entity/Q25729,The Persistence of Memory,http://www.wikidata.org/entity/Q39427,surrealism
http://www.wikidata.org/entity/Q45585,The Starry Night,http://www.wikidata.org/entity/Q166713,post-impressionism
http://www.wikidata.org/entity/Q129433,Ma Jolie,http://www.wikidata.org/entity/Q42934,Cubism
http://www.wikidata.org/entity/Q164918,Bicycle Wheel,http://www.wikidata.org/entity/Q6034,Dada
http://www.wikidata.org/entity/Q164918,Bicycle Wheel,http://www.wikidata.org/entity/Q39427,surrealism
http://www.wikidata.org/entity/Q164918,Bicycle Wheel,http://www.wikidata.org/entity/Q203209,conceptual art
http://www.wikidata.org/entity/Q548141,The Dream,http://www.wikidata.org/entity/Q281108,naïve art
http://www.wikidata.org/entity/Q557000,Haystacks,http://www.wikidata.org/entity/Q40415,impressionism
http://www.wikidata.org/entity/Q579455,Suprematist Composition: White on White,http://www.wikidata.org/entity/Q191970,suprematism
http://www.wikidata.org/entity/Q579455,Suprematist Composition: White on White,http://www.wikidata.org/entity/Q1401605,Russian avant-garde
http://www.wikidata.org/entity/Q587514,The City Rises,http://www.wikidata.org/entity/Q131221,futurism
http://www.wikidata.org/entity/Q910199,Les Demoiselles d'Avignon,http://www.wikidata.org/entity/Q42934,Cubism
http://www.wikidata.org/entity/Q910199,Les Demoiselles d'Avignon,http://www.wikidata.org/entity/Q848365,primitivism
http://www.wikidata.org/entity/Q1113293,Three Musicians,http://www.wikidata.org/entity/Q42934,Cubism
http://www.wikidata.org/entity/Q1154410,The Song of Love,http://www.wikidata.org/entity/Q753683,metaphysical painting
http://www.wikidata.org/entity/Q1219263,The Sleeping Gypsy,http://www.wikidata.org/entity/Q281108,naïve art
http://www.wikidata.org/entity/Q1316254,Girl with Ball,http://www.wikidata.org/entity/Q134147,pop art
http://www.wikidata.org/entity/Q1757822,Artist's Shit,http://www.wikidata.org/entity/Q203209,conceptual art
http://www.wikidata.org/entity/Q1757822,Artist's Shit,http://www.wikidata.org/entity/Q678649,body art
http://www.wikidata.org/entity/Q1757822,Artist's Shit,http://www.wikidata.org/entity/Q57173928,abject art
http://www.wikidata.org/entity/Q1982400,The Funeral of the Anarchist Galli,http://www.wikidata.org/entity/Q131221,futurism
http://www.wikidata.org/entity/Q2272215,I and the Village,http://www.wikidata.org/entity/Q39427,surrealism
http://www.wikidata.org/entity/Q2272215,I and the Village,http://www.wikidata.org/entity/Q42934,Cubism
http://www.wikidata.org/entity/Q2272215,I and the Village,http://www.wikidata.org/entity/Q80113,Expressionism
http://www.wikidata.org/entity/Q2465911,Christina's World,http://www.wikidata.org/entity/Q2642826,Realism
http://www.wikidata.org/entity/Q2465911,Christina's World,http://www.wikidata.org/entity/Q5165033,Contemporary Realism
http://www.wikidata.org/entity/Q2697937,Campbell's Soup Cans,http://www.wikidata.org/entity/Q134147,pop art
http://www.wikidata.org/entity/Q2898215,Painting,http://www.wikidata.org/entity/Q38166,modern art
http://www.wikidata.org/entity/Q2915406,Broadway Boogie Woogie,http://www.wikidata.org/entity/Q207445,De Stijl
http://www.wikidata.org/entity/Q2915406,Broadway Boogie Woogie,http://www.wikidata.org/entity/Q845421,neoplasticism
http://www.wikidata.org/entity/Q2918824,The Portrait,http://www.wikidata.org/entity/Q3505455,Belgian surrealism
http://www.wikidata.org/entity/Q2919779,Object,http://www.wikidata.org/entity/Q39427,surrealism
http://www.wikidata.org/entity/Q3211044,The Birth of the World,http://www.wikidata.org/entity/Q39427,surrealism
http://www.wikidata.org/entity/Q3222561,Departure,http://www.wikidata.org/entity/Q80113,Expressionism
http://www.wikidata.org/entity/Q3222561,Departure,http://www.wikidata.org/entity/Q160218,New Objectivity
http://www.wikidata.org/entity/Q3230384,States of Mind I: The Farewells,http://www.wikidata.org/entity/Q131221,futurism
http://www.wikidata.org/entity/Q3230453,The lovers,http://www.wikidata.org/entity/Q39427,surrealism
http://www.wikidata.org/entity/Q3373688,The Hunter (Catalan Landscape),http://www.wikidata.org/entity/Q39427,surrealism
http://www.wikidata.org/entity/Q3569753,Woman I,http://www.wikidata.org/entity/Q177725,abstract expressionism
http://www.wikidata.org/entity/Q3701088,At the Milliner's,http://www.wikidata.org/entity/Q40415,impressionism
http://www.wikidata.org/entity/Q3786544,"Evening, Honfleur",http://www.wikidata.org/entity/Q200034,pointillism
http://www.wikidata.org/entity/Q3795198,The Japanese Footbridge,http://www.wikidata.org/entity/Q40415,impressionism
http://www.wikidata.org/entity/Q3798257,The Nostalgia of the Infinite,http://www.wikidata.org/entity/Q753683,metaphysical painting
http://www.wikidata.org/entity/Q3818801,The Menaced Assassin,http://www.wikidata.org/entity/Q39427,surrealism
http://www.wikidata.org/entity/Q3818801,The Menaced Assassin,http://www.wikidata.org/entity/Q3505455,Belgian surrealism
http://www.wikidata.org/entity/Q3826517,Street Light,http://www.wikidata.org/entity/Q131221,futurism
http://www.wikidata.org/entity/Q3826517,Street Light,http://www.wikidata.org/entity/Q2487023,divisionism
http://www.wikidata.org/entity/Q3873321,Still Life with Liqueur Bottle,http://www.wikidata.org/entity/Q61444300,Cezannian cubism
http://www.wikidata.org/entity/Q3877090,Water Lilies,http://www.wikidata.org/entity/Q40415,impressionism
http://www.wikidata.org/entity/Q3955799,"The Reservoir, Horta de Ebro",http://www.wikidata.org/entity/Q42934,Cubism
http://www.wikidata.org/entity/Q3978536,Development of a Bottle in Space,http://www.wikidata.org/entity/Q131221,futurism
http://www.wikidata.org/entity/Q5308687,Drowning Girl,http://www.wikidata.org/entity/Q134147,pop art
http://www.wikidata.org/entity/Q5456612,Flag,http://www.wikidata.org/entity/Q134147,pop art
http://www.wikidata.org/entity/Q6455615,L'Atelier Rouge,http://www.wikidata.org/entity/Q166593,fauvism
http://www.wikidata.org/entity/Q6753733,Map,http://www.wikidata.org/entity/Q935292,Neo-Dada
http://www.wikidata.org/entity/Q6965069,Napoleon in the Wilderness,http://www.wikidata.org/entity/Q39427,surrealism
http://www.wikidata.org/entity/Q7190121,Piano Lesson,http://www.wikidata.org/entity/Q42934,Cubism
http://www.wikidata.org/entity/Q7190121,Piano Lesson,http://www.wikidata.org/entity/Q166593,fauvism
http://www.wikidata.org/entity/Q19884058,"Composition, III",http://www.wikidata.org/entity/Q4745501,American modernism
http://www.wikidata.org/entity/Q19884069,Agrarian Leader Zapata,http://www.wikidata.org/entity/Q837024,social realism
http://www.wikidata.org/entity/Q19884069,Agrarian Leader Zapata,http://www.wikidata.org/entity/Q938864,Mexican muralism
http://www.wikidata.org/entity/Q19884284,Kenneth Fearing,http://www.wikidata.org/entity/Q80113,Expressionism
http://www.wikidata.org/entity/Q3211044,The Birth of the World,http://www.wikidata.org/entity/Q39427,surrealism
http://www.wikidata.org/entity/Q3222561,Departure,http://www.wikidata.org/entity/Q80113,Expressionism
http://www.wikidata.org/entity/Q3222561,Departure,http://www.wikidata.org/entity/Q160218,New Objectivity
http://www.wikidata.org/entity/Q3230384,States of Mind I: The Farewells,http://www.wikidata.org/entity/Q131221,futurism
http://www.wikidata.org/entity/Q3230453,The lovers,http://www.wikidata.org/entity/Q39427,surrealism
http://www.wikidata.org/entity/Q3373688,The Hunter (Catalan Landscape),http://www.wikidata.org/entity/Q39427,surrealism
http://www.wikidata.org/entity/Q5308687,Drowning Girl,http://www.wikidata.org/entity/Q134147,pop art
http://www.wikidata.org/entity/Q19884567,Self-Portrait with Cropped Hair,http://www.wikidata.org/entity/Q39427,surrealism
http://www.wikidata.org/entity/Q5384733,Equivalents,http://www.wikidata.org/entity/Q128115,abstract art
http://www.wikidata.org/entity/Q5456612,Flag,http://www.wikidata.org/entity/Q134147,pop art
http://www.wikidata.org/entity/Q5463050,Fluxus 1,http://www.wikidata.org/entity/Q108908,Fluxus
http://www.wikidata.org/entity/Q5597012,Grapefruit,http://www.wikidata.org/entity/Q108908,Fluxus
http://www.wikidata.org/entity/Q5597012,Grapefruit,http://www.wikidata.org/entity/Q203209,conceptual art
http://www.wikidata.org/entity/Q6455615,L'Atelier Rouge,http://www.wikidata.org/entity/Q166593,fauvism
http://www.wikidata.org/entity/Q6753733,Map,http://www.wikidata.org/entity/Q935292,Neo-Dada
http://www.wikidata.org/entity/Q6965069,Napoleon in the Wilderness,http://www.wikidata.org/entity/Q39427,surrealism
http://www.wikidata.org/entity/Q7033140,Nigger Heaven,http://www.wikidata.org/entity/Q829895,Harlem Renaissance
http://www.wikidata.org/entity/Q1113293,Three Musicians,http://www.wikidata.org/entity/Q42934,Cubism
http://www.wikidata.org/entity/Q1116991,Five Easy Pieces,http://www.wikidata.org/entity/Q377616,New Hollywood
http://www.wikidata.org/entity/Q1154410,The Song of Love,http://www.wikidata.org/entity/Q753683,metaphysical painting
http://www.wikidata.org/entity/Q1218959,The Last Picture Show,http://www.wikidata.org/entity/Q377616,New Hollywood
http://www.wikidata.org/entity/Q1219263,The Sleeping Gypsy,http://www.wikidata.org/entity/Q281108,naïve art
http://www.wikidata.org/entity/Q1316254,Girl with Ball,http://www.wikidata.org/entity/Q134147,pop art
http://www.wikidata.org/entity/Q1334558,Emak-Bakia,http://www.wikidata.org/entity/Q39427,surrealism
http://www.wikidata.org/entity/Q1345290,Entr'acte,http://www.wikidata.org/entity/Q6034,Dada
http://www.wikidata.org/entity/Q1348177,Klute,http://www.wikidata.org/entity/Q377616,New Hollywood
http://www.wikidata.org/entity/Q1353441,All That Jazz,http://www.wikidata.org/entity/Q377616,New Hollywood
http://www.wikidata.org/entity/Q19884936,The She-Wolf,http://www.wikidata.org/entity/Q177725,abstract expressionism
http://www.wikidata.org/entity/Q19885008,The Vertigo of Eros,http://www.wikidata.org/entity/Q39427,surrealism
http://www.wikidata.org/entity/Q19883699,Factory and the Bridge,http://www.wikidata.org/entity/Q1400843,Cubo-Futurism
http://www.wikidata.org/entity/Q19883706,The Seer,http://www.wikidata.org/entity/Q753683,metaphysical painting
http://www.wikidata.org/entity/Q19883737,Objects from a Dyer's Shop,http://www.wikidata.org/entity/Q42934,Cubism
http://www.wikidata.org/entity/Q19883737,Objects from a Dyer's Shop,http://www.wikidata.org/entity/Q131221,futurism
http://www.wikidata.org/entity/Q19883737,Objects from a Dyer's Shop,http://www.wikidata.org/entity/Q191970,suprematism
http://www.wikidata.org/entity/Q19883737,Objects from a Dyer's Shop,http://www.wikidata.org/entity/Q207103,constructivism
http://www.wikidata.org/entity/Q19883777,Explosion,http://www.wikidata.org/entity/Q80113,Expressionism
http://www.wikidata.org/entity/Q19883777,Explosion,http://www.wikidata.org/entity/Q131221,futurism
http://www.wikidata.org/entity/Q19883785,Painterly Architectonic,http://www.wikidata.org/entity/Q42934,Cubism
http://www.wikidata.org/entity/Q19883785,Painterly Architectonic,http://www.wikidata.org/entity/Q131221,futurism
http://www.wikidata.org/entity/Q19883785,Painterly Architectonic,http://www.wikidata.org/entity/Q191970,suprematism
http://www.wikidata.org/entity/Q19883785,Painterly Architectonic,http://www.wikidata.org/entity/Q207103,constructivism
http://www.wikidata.org/entity/Q19883790,Abstract Portrait of Marcel Duchamp,http://www.wikidata.org/entity/Q38166,modern art
http://www.wikidata.org/entity/Q19883790,Abstract Portrait of Marcel Duchamp,http://www.wikidata.org/entity/Q128115,abstract art
http://www.wikidata.org/entity/Q19883799,Non-Objective Painting no. 80 (Black on Black),http://www.wikidata.org/entity/Q191970,suprematism
http://www.wikidata.org/entity/Q19883799,Non-Objective Painting no. 80 (Black on Black),http://www.wikidata.org/entity/Q207103,constructivism
http://www.wikidata.org/entity/Q7190121,Piano Lesson,http://www.wikidata.org/entity/Q42934,Cubism
http://www.wikidata.org/entity/Q7190121,Piano Lesson,http://www.wikidata.org/entity/Q166593,fauvism
http://www.wikidata.org/entity/Q7306265,Redskin,http://www.wikidata.org/entity/Q3408764,Pre-Code Hollywood
http://www.wikidata.org/entity/Q7371701,Rover chair,http://www.wikidata.org/entity/Q47783,postmodernism
http://www.wikidata.org/entity/Q7736407,Gift,http://www.wikidata.org/entity/Q6034,Dada
http://www.wikidata.org/entity/Q7736407,Gift,http://www.wikidata.org/entity/Q39427,surrealism
http://www.wikidata.org/entity/Q7755929,The Palace at 4 a.m.,http://www.wikidata.org/entity/Q39427,surrealism
http://www.wikidata.org/entity/Q7933396,Violin and Grapes,http://www.wikidata.org/entity/Q42934,Cubism
http://www.wikidata.org/entity/Q7973429,Water Yam,http://www.wikidata.org/entity/Q108908,Fluxus
http://www.wikidata.org/entity/Q19883846,Still Life II,http://www.wikidata.org/entity/Q39427,surrealism
http://www.wikidata.org/entity/Q19883889,Two Children Are Threatened by a Nightingale,http://www.wikidata.org/entity/Q6034,Dada
http://www.wikidata.org/entity/Q19883889,Two Children Are Threatened by a Nightingale,http://www.wikidata.org/entity/Q39427,surrealism
http://www.wikidata.org/entity/Q19883785,Painterly Architectonic,http://www.wikidata.org/entity/Q42934,Cubism
http://www.wikidata.org/entity/Q19883785,Painterly Architectonic,http://www.wikidata.org/entity/Q131221,futurism
http://www.wikidata.org/entity/Q19883785,Painterly Architectonic,http://www.wikidata.org/entity/Q191970,suprematism
http://www.wikidata.org/entity/Q19883785,Painterly Architectonic,http://www.wikidata.org/entity/Q207103,constructivism
http://www.wikidata.org/entity/Q19883790,Abstract Portrait of Marcel Duchamp,http://www.wikidata.org/entity/Q38166,modern art
http://www.wikidata.org/entity/Q19883790,Abstract Portrait of Marcel Duchamp,http://www.wikidata.org/entity/Q128115,abstract art
http://www.wikidata.org/entity/Q19883799,Non-Objective Painting no. 80 (Black on Black),http://www.wikidata.org/entity/Q191970,suprematism
http://www.wikidata.org/entity/Q19883799,Non-Objective Painting no. 80 (Black on Black),http://www.wikidata.org/entity/Q207103,constructivism
http://www.wikidata.org/entity/Q19883846,Still Life II,http://www.wikidata.org/entity/Q39427,surrealism
http://www.wikidata.org/entity/Q19883889,Two Children Are Threatened by a Nightingale,http://www.wikidata.org/entity/Q6034,Dada
http://www.wikidata.org/entity/Q19883889,Two Children Are Threatened by a Nightingale,http://www.wikidata.org/entity/Q39427,surrealism
http://www.wikidata.org/entity/Q25729,The Persistence of Memory,http://www.wikidata.org/entity/Q39427,surrealism
http://www.wikidata.org/entity/Q45585,The Starry Night,http://www.wikidata.org/entity/Q166713,post-impressionism
http://www.wikidata.org/entity/Q129433,Ma Jolie,http://www.wikidata.org/entity/Q42934,Cubism
http://www.wikidata.org/entity/Q164918,Bicycle Wheel,http://www.wikidata.org/entity/Q6034,Dada
http://www.wikidata.org/entity/Q164918,Bicycle Wheel,http://www.wikidata.org/entity/Q39427,surrealism
http://www.wikidata.org/entity/Q164918,Bicycle Wheel,http://www.wikidata.org/entity/Q203209,conceptual art
http://www.wikidata.org/entity/Q171669,One Flew Over the Cuckoo's Nest,http://www.wikidata.org/entity/Q377616,New Hollywood
http://www.wikidata.org/entity/Q174284,Raiders of the Lost Ark,http://www.wikidata.org/entity/Q377616,New Hollywood
http://www.wikidata.org/entity/Q182692,Apocalypse Now,http://www.wikidata.org/entity/Q377616,New Hollywood
http://www.wikidata.org/entity/Q232000,Butch Cassidy and the Sundance Kid,http://www.wikidata.org/entity/Q377616,New Hollywood
http://www.wikidata.org/entity/Q267721,Grease,http://www.wikidata.org/entity/Q377616,New Hollywood
http://www.wikidata.org/entity/Q320588,Close Encounters of the Third Kind,http://www.wikidata.org/entity/Q377616,New Hollywood
http://www.wikidata.org/entity/Q325643,Who's Afraid of Virginia Woolf?,http://www.wikidata.org/entity/Q377616,New Hollywood
http://www.wikidata.org/entity/Q431732,The Steerage,http://www.wikidata.org/entity/Q878985,modernism
http://www.wikidata.org/entity/Q432526,The Sugarland Express,http://www.wikidata.org/entity/Q377616,New Hollywood
http://www.wikidata.org/entity/Q466781,All the President's Men,http://www.wikidata.org/entity/Q377616,New Hollywood
http://www.wikidata.org/entity/Q471716,Barry Lyndon,http://www.wikidata.org/entity/Q377616,New Hollywood
http://www.wikidata.org/entity/Q494085,MASH,http://www.wikidata.org/entity/Q377616,New Hollywood
http://www.wikidata.org/entity/Q548141,The Dream,http://www.wikidata.org/entity/Q281108,naïve art
http://www.wikidata.org/entity/Q577754,Morocco,http://www.wikidata.org/entity/Q3408764,Pre-Code Hollywood
http://www.wikidata.org/entity/Q579455,Suprematist Composition: White on White,http://www.wikidata.org/entity/Q191970,suprematism
http://www.wikidata.org/entity/Q579455,Suprematist Composition: White on White,http://www.wikidata.org/entity/Q1401605,Russian avant-garde
http://www.wikidata.org/entity/Q587514,The City Rises,http://www.wikidata.org/entity/Q131221,futurism
http://www.wikidata.org/entity/Q603162,Paper Moon,http://www.wikidata.org/entity/Q377616,New Hollywood
http://www.wikidata.org/entity/Q669622,3 Women,http://www.wikidata.org/entity/Q377616,New Hollywood
http://www.wikidata.org/entity/Q889240,Happy Xmas (War Is Over),http://www.wikidata.org/entity/Q708312,peace movement
http://www.wikidata.org/entity/Q893926,Born in Flames,http://www.wikidata.org/entity/Q3393199,No Wave Cinema
http://www.wikidata.org/entity/Q910199,Les Demoiselles d'Avignon,http://www.wikidata.org/entity/Q42934,Cubism
http://www.wikidata.org/entity/Q910199,Les Demoiselles d'Avignon,http://www.wikidata.org/entity/Q848365,primitivism
http://www.wikidata.org/entity/Q934036,Fiddler on the Roof,http://www.wikidata.org/entity/Q377616,New Hollywood
http://www.wikidata.org/entity/Q945074,Being There,http://www.wikidata.org/entity/Q377616,New Hollywood
http://www.wikidata.org/entity/Q981189,A Bill of Divorcement,http://www.wikidata.org/entity/Q3408764,Pre-Code Hollywood
http://www.wikidata.org/entity/Q1424210,Frisco Jenny,http://www.wikidata.org/entity/Q3408764,Pre-Code Hollywood
http://www.wikidata.org/entity/Q1512163,One and Three Chairs,http://www.wikidata.org/entity/Q203209,conceptual art
http://www.wikidata.org/entity/Q1512163,One and Three Chairs,http://www.wikidata.org/entity/Q558276,Art & Language
http://www.wikidata.org/entity/Q1545246,Thirteen Women,http://www.wikidata.org/entity/Q3408764,Pre-Code Hollywood
http://www.wikidata.org/entity/Q1581723,The Love Parade,http://www.wikidata.org/entity/Q3408764,Pre-Code Hollywood
http://www.wikidata.org/entity/Q1751800,Leonce and Lena,http://www.wikidata.org/entity/Q700923,Vormärz
http://www.wikidata.org/entity/Q1751800,Leonce and Lena,http://www.wikidata.org/entity/Q1713406,Young Germany
http://www.wikidata.org/entity/Q1757822,Artist's Shit,http://www.wikidata.org/entity/Q203209,conceptual art
http://www.wikidata.org/entity/Q1757822,Artist's Shit,http://www.wikidata.org/entity/Q678649,body art
http://www.wikidata.org/entity/Q1757822,Artist's Shit,http://www.wikidata.org/entity/Q57173928,abject art
http://www.wikidata.org/entity/Q1982400,The Funeral of the Anarchist Galli,http://www.wikidata.org/entity/Q131221,futurism
http://www.wikidata.org/entity/Q2192521,Barren Lives,http://www.wikidata.org/entity/Q1092442,Cinema Novo
http://www.wikidata.org/entity/Q2195957,American Madness,http://www.wikidata.org/entity/Q3408764,Pre-Code Hollywood
http://www.wikidata.org/entity/Q2272215,I and the Village,http://www.wikidata.org/entity/Q39427,surrealism
http://www.wikidata.org/entity/Q2272215,I and the Village,http://www.wikidata.org/entity/Q42934,Cubism
http://www.wikidata.org/entity/Q2272215,I and the Village,http://www.wikidata.org/entity/Q80113,Expressionism
http://www.wikidata.org/entity/Q2381632,Bird in Space,http://www.wikidata.org/entity/Q128115,abstract art
http://www.wikidata.org/entity/Q2381632,Bird in Space,http://www.wikidata.org/entity/Q878985,modernism
http://www.wikidata.org/entity/Q2465911,Christina's World,http://www.wikidata.org/entity/Q2642826,Realism
http://www.wikidata.org/entity/Q2465911,Christina's World,http://www.wikidata.org/entity/Q5165033,Contemporary Realism
http://www.wikidata.org/entity/Q2615028,How Tasty Was My Little Frenchman,http://www.wikidata.org/entity/Q1092442,Cinema Novo
http://www.wikidata.org/entity/Q2697937,Campbell's Soup Cans,http://www.wikidata.org/entity/Q134147,pop art
http://www.wikidata.org/entity/Q2738352,Brno chair,http://www.wikidata.org/entity/Q878985,modernism
http://www.wikidata.org/entity/Q2898215,Painting,http://www.wikidata.org/entity/Q38166,modern art
http://www.wikidata.org/entity/Q2915406,Broadway Boogie Woogie,http://www.wikidata.org/entity/Q207445,De Stijl
http://www.wikidata.org/entity/Q2915406,Broadway Boogie Woogie,http://www.wikidata.org/entity/Q845421,neoplasticism
http://www.wikidata.org/entity/Q2918824,The Portrait,http://www.wikidata.org/entity/Q3505455,Belgian surrealism
http://www.wikidata.org/entity/Q2919779,Object,http://www.wikidata.org/entity/Q39427,surrealism
http://www.wikidata.org/entity/Q19883963,"Mama, Papa Is Wounded!",http://www.wikidata.org/entity/Q39427,surrealism
http://www.wikidata.org/entity/Q19883989,The False Mirror,http://www.wikidata.org/entity/Q39427,surrealism
http://www.wikidata.org/entity/Q19883993,Dutch Interior (I),http://www.wikidata.org/entity/Q39427,surrealism
http://www.wikidata.org/entity/Q3569753,Woman I,http://www.wikidata.org/entity/Q177725,abstract expressionism
http://www.wikidata.org/entity/Q3701088,At the Milliner's,http://www.wikidata.org/entity/Q40415,impressionism
http://www.wikidata.org/entity/Q3786544,"Evening, Honfleur",http://www.wikidata.org/entity/Q200034,pointillism
http://www.wikidata.org/entity/Q3795198,The Japanese Footbridge,http://www.wikidata.org/entity/Q40415,impressionism
http://www.wikidata.org/entity/Q3798257,The Nostalgia of the Infinite,http://www.wikidata.org/entity/Q753683,metaphysical painting
http://www.wikidata.org/entity/Q3818801,The Menaced Assassin,http://www.wikidata.org/entity/Q39427,surrealism
http://www.wikidata.org/entity/Q3818801,The Menaced Assassin,http://www.wikidata.org/entity/Q3505455,Belgian surrealism
http://www.wikidata.org/entity/Q3826517,Street Light,http://www.wikidata.org/entity/Q131221,futurism
http://www.wikidata.org/entity/Q3826517,Street Light,http://www.wikidata.org/entity/Q2487023,divisionism
http://www.wikidata.org/entity/Q3873321,Still Life with Liqueur Bottle,http://www.wikidata.org/entity/Q61444300,Cezannian cubism
http://www.wikidata.org/entity/Q3877090,Water Lilies,http://www.wikidata.org/entity/Q40415,impressionism
http://www.wikidata.org/entity/Q3955799,"The Reservoir, Horta de Ebro",http://www.wikidata.org/entity/Q42934,Cubism
http://www.wikidata.org/entity/Q3978536,Development of a Bottle in Space,http://www.wikidata.org/entity/Q131221,futurism
http://www.wikidata.org/entity/Q19883641,Dynamic Hieroglyphic of the Bal Tabarin,http://www.wikidata.org/entity/Q131221,futurism
http://www.wikidata.org/entity/Q19883641,Dynamic Hieroglyphic of the Bal Tabarin,http://www.wikidata.org/entity/Q207445,De Stijl
http://www.wikidata.org/entity/Q19883652,"Street, Berlin",http://www.wikidata.org/entity/Q80113,Expressionism
http://www.wikidata.org/entity/Q19883656,Conquest of the Air,http://www.wikidata.org/entity/Q60367157,Salon Cubism
http://www.wikidata.org/entity/Q19883699,Factory and the Bridge,http://www.wikidata.org/entity/Q1400843,Cubo-Futurism
http://www.wikidata.org/entity/Q19883706,The Seer,http://www.wikidata.org/entity/Q753683,metaphysical painting
http://www.wikidata.org/entity/Q19883737,Objects from a Dyer's Shop,http://www.wikidata.org/entity/Q42934,Cubism
http://www.wikidata.org/entity/Q19883737,Objects from a Dyer's Shop,http://www.wikidata.org/entity/Q131221,futurism
http://www.wikidata.org/entity/Q19883737,Objects from a Dyer's Shop,http://www.wikidata.org/entity/Q191970,suprematism
http://www.wikidata.org/entity/Q19883737,Objects from a Dyer's Shop,http://www.wikidata.org/entity/Q207103,constructivism
http://www.wikidata.org/entity/Q19883777,Explosion,http://www.wikidata.org/entity/Q80113,Expressionism
http://www.wikidata.org/entity/Q19883777,Explosion,http://www.wikidata.org/entity/Q131221,futurism
http://www.wikidata.org/entity/Q19883522,Road near L'Estaque,http://www.wikidata.org/entity/Q61444300,Cezannian cubism
http://www.wikidata.org/entity/Q19883545,Dance (I),http://www.wikidata.org/entity/Q166593,fauvism
http://www.wikidata.org/entity/Q19883591,Man with a Guitar,http://www.wikidata.org/entity/Q3006706,analytical cubism
http://www.wikidata.org/entity/Q19883603,Soda,http://www.wikidata.org/entity/Q42934,Cubism
http://www.wikidata.org/entity/Q19883620,The Huntsman,http://www.wikidata.org/entity/Q60367157,Salon Cubism
http://www.wikidata.org/entity/Q19883621,Woman with Pails: Dynamic Arrangement,http://www.wikidata.org/entity/Q42934,Cubism
http://www.wikidata.org/entity/Q45585,The Starry Night,http://www.wikidata.org/entity/Q166713,post-impressionism
http://www.wikidata.org/entity/Q910199,Les Demoiselles d'Avignon,http://www.wikidata.org/entity/Q42934,Cubism
http://www.wikidata.org/entity/Q910199,Les Demoiselles d'Avignon,http://www.wikidata.org/entity/Q848365,primitivism
http://www.wikidata.org/entity/Q1219263,The Sleeping Gypsy,http://www.wikidata.org/entity/Q281108,naïve art
http://www.wikidata.org/entity/Q6455615,L'Atelier Rouge,http://www.wikidata.org/entity/Q166593,fauvism
http://www.wikidata.org/entity/Q18614635,"Still Life with Carafe, Milk Can, Bowl and Orange",http://www.wikidata.org/entity/Q166713,post-impressionism
http://www.wikidata.org/entity/Q19883652,"Street, Berlin",http://www.wikidata.org/entity/Q80113,Expressionism
http://www.wikidata.org/entity/Q19883993,Dutch Interior (I),http://www.wikidata.org/entity/Q39427,surrealism
http://www.wikidata.org/entity/Q60493340,Houses on the hill,http://www.wikidata.org/entity/Q61444300,Cezannian cubism
http://www.wikidata.org/entity/Q61633651,Femme assise dans un fauteuil,http://www.wikidata.org/entity/Q3006706,analytical cubism
http://www.wikidata.org/entity/Q7755929,The Palace at 4 a.m.,http://www.wikidata.org/entity/Q39427,surrealism
http://www.wikidata.org/entity/Q7933396,Violin and Grapes,http://www.wikidata.org/entity/Q42934,Cubism
http://www.wikidata.org/entity/Q16038651,"My Grandparents, My Parents, and I (Family Tree)",http://www.wikidata.org/entity/Q39427,surrealism
http://www.wikidata.org/entity/Q16986541,Vir Heroicus Sublimis,http://www.wikidata.org/entity/Q177725,abstract expressionism
http://www.wikidata.org/entity/Q16986541,Vir Heroicus Sublimis,http://www.wikidata.org/entity/Q1164982,Color Field
http://www.wikidata.org/entity/Q19883421,Tribulations of Saint Anthony,http://www.wikidata.org/entity/Q164800,Symbolism
http://www.wikidata.org/entity/Q19883423,Masks Confronting Death,http://www.wikidata.org/entity/Q164800,Symbolism
http://www.wikidata.org/entity/Q19883434,"Opus 217. Against the Enamel of a Background Rhythmic with Beats and Angles, Tones, and Tints, Portrait of M. Félix Fénéon in 1890",http://www.wikidata.org/entity/Q200034,pointillism
http://www.wikidata.org/entity/Q19883438,La Goulue at the Moulin Rouge,http://www.wikidata.org/entity/Q166713,post-impressionism
http://www.wikidata.org/entity/Q19883440,The Seed of the Areoi,http://www.wikidata.org/entity/Q40415,impressionism
http://www.wikidata.org/entity/Q19883440,The Seed of the Areoi,http://www.wikidata.org/entity/Q166713,post-impressionism
http://www.wikidata.org/entity/Q19883440,The Seed of the Areoi,http://www.wikidata.org/entity/Q382056,Pont-Aven School
http://www.wikidata.org/entity/Q19883440,The Seed of the Areoi,http://www.wikidata.org/entity/Q848365,primitivism
http://www.wikidata.org/entity/Q19883480,Japonaise: Woman beside the Water,http://www.wikidata.org/entity/Q166593,fauvism
http://www.wikidata.org/entity/Q19887588,Memoria in Aeternum,http://www.wikidata.org/entity/Q177725,abstract expressionism
http://www.wikidata.org/entity/Q19887605,OOF,http://www.wikidata.org/entity/Q134147,pop art
http://www.wikidata.org/entity/Q19887611,Gold Marilyn Monroe,http://www.wikidata.org/entity/Q134147,pop art
http://www.wikidata.org/entity/Q19887662,Double Elvis,http://www.wikidata.org/entity/Q134147,pop art
http://www.wikidata.org/entity/Q19883963,"Mama, Papa Is Wounded!",http://www.wikidata.org/entity/Q39427,surrealism
http://www.wikidata.org/entity/Q19883989,The False Mirror,http://www.wikidata.org/entity/Q39427,surrealism
http://www.wikidata.org/entity/Q19883993,Dutch Interior (I),http://www.wikidata.org/entity/Q39427,surrealism
http://www.wikidata.org/entity/Q19884058,"Composition, III",http://www.wikidata.org/entity/Q4745501,American modernism
http://www.wikidata.org/entity/Q19884069,Agrarian Leader Zapata,http://www.wikidata.org/entity/Q837024,social realism
http://www.wikidata.org/entity/Q19884069,Agrarian Leader Zapata,http://www.wikidata.org/entity/Q938864,Mexican muralism
http://www.wikidata.org/entity/Q19885094,On Time Off Time,http://www.wikidata.org/entity/Q39427,surrealism
http://www.wikidata.org/entity/Q19887727,Upside Down Ada,http://www.wikidata.org/entity/Q134147,pop art
http://www.wikidata.org/entity/Q19884284,Kenneth Fearing,http://www.wikidata.org/entity/Q80113,Expressionism
http://www.wikidata.org/entity/Q15734146,House by the Railroad,http://www.wikidata.org/entity/Q2642826,Realism
http://www.wikidata.org/entity/Q15734146,House by the Railroad,http://www.wikidata.org/entity/Q4745527,American realism
http://www.wikidata.org/entity/Q16038651,"My Grandparents, My Parents, and I (Family Tree)",http://www.wikidata.org/entity/Q39427,surrealism
http://www.wikidata.org/entity/Q16986541,Vir Heroicus Sublimis,http://www.wikidata.org/entity/Q177725,abstract expressionism
http://www.wikidata.org/entity/Q16986541,Vir Heroicus Sublimis,http://www.wikidata.org/entity/Q1164982,Color Field
http://www.wikidata.org/entity/Q17011574,Semiotics of the Kitchen,http://www.wikidata.org/entity/Q1246516,feminist art
http://www.wikidata.org/entity/Q19885130,Number 20,http://www.wikidata.org/entity/Q177725,abstract expressionism
http://www.wikidata.org/entity/Q19885174,Chief,http://www.wikidata.org/entity/Q177725,abstract expressionism
http://www.wikidata.org/entity/Q19886953,The Wild,http://www.wikidata.org/entity/Q177725,abstract expressionism
http://www.wikidata.org/entity/Q19886953,The Wild,http://www.wikidata.org/entity/Q1164982,Color Field
http://www.wikidata.org/entity/Q19886962,One: Number 31 1950,http://www.wikidata.org/entity/Q177725,abstract expressionism
http://www.wikidata.org/entity/Q19886962,One: Number 31 1950,http://www.wikidata.org/entity/Q217213,action painting
http://www.wikidata.org/entity/Q19887001,Colors for a Large Wall,http://www.wikidata.org/entity/Q369418,hard-edge painting
http://www.wikidata.org/entity/Q19887445,"Mona Lisa, Age Twelve",http://www.wikidata.org/entity/Q186030,contemporary art
http://www.wikidata.org/entity/Q19887473,Canyon,http://www.wikidata.org/entity/Q134147,pop art
http://www.wikidata.org/entity/Q19887536,Expansion in Four Directions,http://www.wikidata.org/entity/Q10822316,concrete art
http://www.wikidata.org/entity/Q20741454,Gone: An Historical Romance of a Civil War as It Occurred b'tween the Dusky Thighs of One Young Negress and Her Heart,http://www.wikidata.org/entity/Q186030,contemporary art
http://www.wikidata.org/entity/Q20741464,Ever Is Over All,http://www.wikidata.org/entity/Q186030,contemporary art
http://www.wikidata.org/entity/Q20741475,CPU,http://www.wikidata.org/entity/Q378604,new media art
http://www.wikidata.org/entity/Q20741475,CPU,http://www.wikidata.org/entity/Q2864686,software art
http://www.wikidata.org/entity/Q19887269,Bed,http://www.wikidata.org/entity/Q134147,pop art
http://www.wikidata.org/entity/Q19887269,Bed,http://www.wikidata.org/entity/Q935292,Neo-Dada
http://www.wikidata.org/entity/Q19887380,Jacob's Ladder,http://www.wikidata.org/entity/Q177725,abstract expressionism
http://www.wikidata.org/entity/Q19887588,Memoria in Aeternum,http://www.wikidata.org/entity/Q177725,abstract expressionism
http://www.wikidata.org/entity/Q19887605,OOF,http://www.wikidata.org/entity/Q134147,pop art
http://www.wikidata.org/entity/Q19887611,Gold Marilyn Monroe,http://www.wikidata.org/entity/Q134147,pop art
http://www.wikidata.org/entity/Q19887662,Double Elvis,http://www.wikidata.org/entity/Q134147,pop art
http://www.wikidata.org/entity/Q19883421,Tribulations of Saint Anthony,http://www.wikidata.org/entity/Q164800,Symbolism
http://www.wikidata.org/entity/Q19883423,Masks Confronting Death,http://www.wikidata.org/entity/Q164800,Symbolism
http://www.wikidata.org/entity/Q19883434,"Opus 217. Against the Enamel of a Background Rhythmic with Beats and Angles, Tones, and Tints, Portrait of M. Félix Fénéon in 1890",http://www.wikidata.org/entity/Q200034,pointillism
http://www.wikidata.org/entity/Q19883438,La Goulue at the Moulin Rouge,http://www.wikidata.org/entity/Q166713,post-impressionism
http://www.wikidata.org/entity/Q19883440,The Seed of the Areoi,http://www.wikidata.org/entity/Q40415,impressionism
http://www.wikidata.org/entity/Q19883440,The Seed of the Areoi,http://www.wikidata.org/entity/Q166713,post-impressionism
http://www.wikidata.org/entity/Q19883440,The Seed of the Areoi,http://www.wikidata.org/entity/Q382056,Pont-Aven School
http://www.wikidata.org/entity/Q19883440,The Seed of the Areoi,http://www.wikidata.org/entity/Q848365,primitivism
http://www.wikidata.org/entity/Q19883480,Japonaise: Woman beside the Water,http://www.wikidata.org/entity/Q166593,fauvism
http://www.wikidata.org/entity/Q20741752,Kandor 13,http://www.wikidata.org/entity/Q186030,contemporary art
http://www.wikidata.org/entity/Q19883522,Road near L'Estaque,http://www.wikidata.org/entity/Q61444300,Cezannian cubism
http://www.wikidata.org/entity/Q19883545,Dance (I),http://www.wikidata.org/entity/Q166593,fauvism
http://www.wikidata.org/entity/Q19883591,Man with a Guitar,http://www.wikidata.org/entity/Q3006706,analytical cubism
http://www.wikidata.org/entity/Q19883603,Soda,http://www.wikidata.org/entity/Q42934,Cubism
http://www.wikidata.org/entity/Q19883620,The Huntsman,http://www.wikidata.org/entity/Q60367157,Salon Cubism
http://www.wikidata.org/entity/Q19883621,Woman with Pails: Dynamic Arrangement,http://www.wikidata.org/entity/Q42934,Cubism
http://www.wikidata.org/entity/Q19883641,Dynamic Hieroglyphic of the Bal Tabarin,http://www.wikidata.org/entity/Q131221,futurism
http://www.wikidata.org/entity/Q19883641,Dynamic Hieroglyphic of the Bal Tabarin,http://www.wikidata.org/entity/Q207445,De Stijl
http://www.wikidata.org/entity/Q19883652,"Street, Berlin",http://www.wikidata.org/entity/Q80113,Expressionism
http://www.wikidata.org/entity/Q19883656,Conquest of the Air,http://www.wikidata.org/entity/Q60367157,Salon Cubism
http://www.wikidata.org/entity/Q20856073,The Jungle,http://www.wikidata.org/entity/Q39427,surrealism
http://www.wikidata.org/entity/Q21655444,Gas,http://www.wikidata.org/entity/Q837024,social realism
http://www.wikidata.org/entity/Q21655444,Gas,http://www.wikidata.org/entity/Q4745527,American realism
http://www.wikidata.org/entity/Q21655444,Gas,http://www.wikidata.org/entity/Q15838173,Regionalism
http://www.wikidata.org/entity/Q23301958,10 Envelopes From 10 Important Letters Received By Klaus Groh,http://www.wikidata.org/entity/Q843393,Mail-Art
http://www.wikidata.org/entity/Q26831186,Mercury Passing Before the Sun,http://www.wikidata.org/entity/Q131221,futurism
http://www.wikidata.org/entity/Q27517305,Scribner's,http://www.wikidata.org/entity/Q34636,Art Nouveau
http://www.wikidata.org/entity/Q19887445,"Mona Lisa, Age Twelve",http://www.wikidata.org/entity/Q186030,contemporary art
http://www.wikidata.org/entity/Q19887473,Canyon,http://www.wikidata.org/entity/Q134147,pop art
http://www.wikidata.org/entity/Q19887536,Expansion in Four Directions,http://www.wikidata.org/entity/Q10822316,concrete art
http://www.wikidata.org/entity/Q19888744,Clouds,http://www.wikidata.org/entity/Q1728571,capitalist realism
http://www.wikidata.org/entity/Q19888774,Rorschach,http://www.wikidata.org/entity/Q134147,pop art
http://www.wikidata.org/entity/Q47540440,Fillette,http://www.wikidata.org/entity/Q39427,surrealism
http://www.wikidata.org/entity/Q47540440,Fillette,http://www.wikidata.org/entity/Q177725,abstract expressionism
http://www.wikidata.org/entity/Q47540440,Fillette,http://www.wikidata.org/entity/Q1246516,feminist art
http://www.wikidata.org/entity/Q47540440,Fillette,http://www.wikidata.org/entity/Q57173928,abject art
http://www.wikidata.org/entity/Q55835403,Unique Forms of Continuity in Space,http://www.wikidata.org/entity/Q131221,futurism
http://www.wikidata.org/entity/Q60230869,"Fantastic Art, Dada, Surrealism",http://www.wikidata.org/entity/Q6034,Dada
http://www.wikidata.org/entity/Q60230869,"Fantastic Art, Dada, Surrealism",http://www.wikidata.org/entity/Q39427,surrealism
http://www.wikidata.org/entity/Q60309119,Picasso and Braque: Pioneering Cubism,http://www.wikidata.org/entity/Q42934,Cubism
http://www.wikidata.org/entity/Q60402148,Picasso: Guitars 1912–1914,http://www.wikidata.org/entity/Q42934,Cubism
http://www.wikidata.org/entity/Q61627305,The Juggler (The Magician),http://www.wikidata.org/entity/Q39427,surrealism
http://www.wikidata.org/entity/Q19888873,Elizabeth,http://www.wikidata.org/entity/Q186030,contemporary art
http://www.wikidata.org/entity/Q19888897,Untitled,http://www.wikidata.org/entity/Q173436,minimalism
http://www.wikidata.org/entity/Q19888897,Untitled,http://www.wikidata.org/entity/Q203209,conceptual art
http://www.wikidata.org/entity/Q19888945,727,http://www.wikidata.org/entity/Q134147,pop art
http://www.wikidata.org/entity/Q19888945,727,http://www.wikidata.org/entity/Q1444581,Superflat
http://www.wikidata.org/entity/Q19888949,Wrist Corsage,http://www.wikidata.org/entity/Q186030,contemporary art
http://www.wikidata.org/entity/Q19887727,Upside Down Ada,http://www.wikidata.org/entity/Q134147,pop art
http://www.wikidata.org/entity/Q110164151,The Kiss,http://www.wikidata.org/entity/Q34636,Art Nouveau
http://www.wikidata.org/entity/Q69418222,African-American Flag,http://www.wikidata.org/entity/Q186030,contemporary art
http://www.wikidata.org/entity/Q85790687,"One: Number 31, 1950",http://www.wikidata.org/entity/Q177725,abstract expressionism
http://www.wikidata.org/entity/Q85790687,"One: Number 31, 1950",http://www.wikidata.org/entity/Q217213,action painting
http://www.wikidata.org/entity/Q19884567,Self-Portrait with Cropped Hair,http://www.wikidata.org/entity/Q39427,surrealism
http://www.wikidata.org/entity/Q19888985,They Could Still Serve,http://www.wikidata.org/entity/Q186030,contemporary art
http://www.wikidata.org/entity/Q19889041,The Secretary of State,http://www.wikidata.org/entity/Q186030,contemporary art
http://www.wikidata.org/entity/Q19884936,The She-Wolf,http://www.wikidata.org/entity/Q177725,abstract expressionism
http://www.wikidata.org/entity/Q19885008,The Vertigo of Eros,http://www.wikidata.org/entity/Q39427,surrealism
http://www.wikidata.org/entity/Q19886953,The Wild,http://www.wikidata.org/entity/Q177725,abstract expressionism
http://www.wikidata.org/entity/Q19886953,The Wild,http://www.wikidata.org/entity/Q1164982,Color Field
http://www.wikidata.org/entity/Q19886962,One: Number 31 1950,http://www.wikidata.org/entity/Q177725,abstract expressionism
http://www.wikidata.org/entity/Q19886962,One: Number 31 1950,http://www.wikidata.org/entity/Q217213,action painting
http://www.wikidata.org/entity/Q19887001,Colors for a Large Wall,http://www.wikidata.org/entity/Q369418,hard-edge painting
http://www.wikidata.org/entity/Q20741454,Gone: An Historical Romance of a Civil War as It Occurred b'tween the Dusky Thighs of One Young Negress and Her Heart,http://www.wikidata.org/entity/Q186030,contemporary art
http://www.wikidata.org/entity/Q20741464,Ever Is Over All,http://www.wikidata.org/entity/Q186030,contemporary art
http://www.wikidata.org/entity/Q20741475,CPU,http://www.wikidata.org/entity/Q378604,new media art
http://www.wikidata.org/entity/Q20741475,CPU,http://www.wikidata.org/entity/Q2864686,software art
http://www.wikidata.org/entity/Q19888945,727,http://www.wikidata.org/entity/Q134147,pop art
http://www.wikidata.org/entity/Q19888945,727,http://www.wikidata.org/entity/Q1444581,Superflat
http://www.wikidata.org/entity/Q19888949,Wrist Corsage,http://www.wikidata.org/entity/Q186030,contemporary art
http://www.wikidata.org/entity/Q19888985,They Could Still Serve,http://www.wikidata.org/entity/Q186030,contemporary art
http://www.wikidata.org/entity/Q19889041,The Secretary of State,http://www.wikidata.org/entity/Q186030,contemporary art
http://www.wikidata.org/entity/Q107353721,Gala (armchair),http://www.wikidata.org/entity/Q483024,rationalism
http://www.wikidata.org/entity/Q19887269,Bed,http://www.wikidata.org/entity/Q134147,pop art
http://www.wikidata.org/entity/Q19887269,Bed,http://www.wikidata.org/entity/Q935292,Neo-Dada
http://www.wikidata.org/entity/Q19887380,Jacob's Ladder,http://www.wikidata.org/entity/Q177725,abstract expressionism
http://www.wikidata.org/entity/Q19885094,On Time Off Time,http://www.wikidata.org/entity/Q39427,surrealism
http://www.wikidata.org/entity/Q19885130,Number 20,http://www.wikidata.org/entity/Q177725,abstract expressionism
http://www.wikidata.org/entity/Q19885174,Chief,http://www.wikidata.org/entity/Q177725,abstract expressionism
http://www.wikidata.org/entity/Q19888744,Clouds,http://www.wikidata.org/entity/Q1728571,capitalist realism
http://www.wikidata.org/entity/Q19888774,Rorschach,http://www.wikidata.org/entity/Q134147,pop art
http://www.wikidata.org/entity/Q42859084,Ho-Kan,http://www.wikidata.org/entity/Q102932,avant-garde
http://www.wikidata.org/entity/Q42859084,Ho-Kan,http://www.wikidata.org/entity/Q203209,conceptual art
http://www.wikidata.org/entity/Q42859084,Ho-Kan,http://www.wikidata.org/entity/Q16680386,Ton Fan Group
http://www.wikidata.org/entity/Q47540440,Fillette,http://www.wikidata.org/entity/Q39427,surrealism
http://www.wikidata.org/entity/Q47540440,Fillette,http://www.wikidata.org/entity/Q177725,abstract expressionism
http://www.wikidata.org/entity/Q47540440,Fillette,http://www.wikidata.org/entity/Q1246516,feminist art
http://www.wikidata.org/entity/Q47540440,Fillette,http://www.wikidata.org/entity/Q57173928,abject art
http://www.wikidata.org/entity/Q55835403,Unique Forms of Continuity in Space,http://www.wikidata.org/entity/Q131221,futurism
http://www.wikidata.org/entity/Q60616602,Margherita Chair,http://www.wikidata.org/entity/Q483024,rationalism
http://www.wikidata.org/entity/Q61627305,The Juggler (The Magician),http://www.wikidata.org/entity/Q39427,surrealism
http://www.wikidata.org/entity/Q19888873,Elizabeth,http://www.wikidata.org/entity/Q186030,contemporary art
http://www.wikidata.org/entity/Q19888897,Untitled,http://www.wikidata.org/entity/Q173436,minimalism
http://www.wikidata.org/entity/Q19888897,Untitled,http://www.wikidata.org/entity/Q203209,conceptual art
http://www.wikidata.org/entity/Q69418222,African-American Flag,http://www.wikidata.org/entity/Q186030,contemporary art
http://www.wikidata.org/entity/Q85790687,"One: Number 31, 1950",http://www.wikidata.org/entity/Q177725,abstract expressionism
http://www.wikidata.org/entity/Q85790687,"One: Number 31, 1950",http://www.wikidata.org/entity/Q217213,action painting
http://www.wikidata.org/entity/Q123285753,Skater,http://www.wikidata.org/entity/Q147516,magic realism
http://www.wikidata.org/entity/Q123285753,Skater,http://www.wikidata.org/entity/Q939559,photorealism
http://www.wikidata.org/entity/Q131449480,The Moon,http://www.wikidata.org/entity/Q2907232,Antropophagia
http://www.wikidata.org/entity/Q27517305,Scribner's,http://www.wikidata.org/entity/Q34636,Art Nouveau
http://www.wikidata.org/entity/Q110164151,The Kiss,http://www.wikidata.org/entity/Q34636,Art Nouveau
http://www.wikidata.org/entity/Q20741752,Kandor 13,http://www.wikidata.org/entity/Q186030,contemporary art
http://www.wikidata.org/entity/Q20856073,The Jungle,http://www.wikidata.org/entity/Q39427,surrealism
http://www.wikidata.org/entity/Q21655444,Gas,http://www.wikidata.org/entity/Q837024,social realism
http://www.wikidata.org/entity/Q21655444,Gas,http://www.wikidata.org/entity/Q4745527,American realism
http://www.wikidata.org/entity/Q21655444,Gas,http://www.wikidata.org/entity/Q15838173,Regionalism
http://www.wikidata.org/entity/Q123285753,Skater,http://www.wikidata.org/entity/Q147516,magic realism
http://www.wikidata.org/entity/Q123285753,Skater,http://www.wikidata.org/entity/Q939559,photorealism
http://www.wikidata.org/entity/Q131449480,The Moon,http://www.wikidata.org/entity/Q2907232,Antropophagia
http://www.wikidata.org/entity/Q23301958,10 Envelopes From 10 Important Letters Received By Klaus Groh,http://www.wikidata.org/entity/Q843393,Mail-Art
