artist,artistLabel,bibliography,bibliographyTitle,bibliographyAuthor,bibliographyAuthorLabel,bibliographyDate,authorSex
Q159409,Louise Bourgeois,Q123906428,"American Women Artists, Past and Present",Q19766231,Eleanor Tufts,1927-02-01T00:00:00Z,female
Q212426,Elizabeth Murray,Q123906428,"American Women Artists, Past and Present",Q19766231,Eleanor Tufts,1927-02-01T00:00:00Z,female
Q215457,Eva Hesse,Q123906428,"American Women Artists, Past and Present",Q19766231,Eleanor Tufts,1927-02-01T00:00:00Z,female
Q234324,Dorothea Tanning,Q123906428,"American Women Artists, Past and Present",Q19766231,Eleanor Tufts,1927-02-01T00:00:00Z,female
Q235281,Helen Frankenthaler,Q123906428,"American Women Artists, Past and Present",Q19766231,Eleanor Tufts,1927-02-01T00:00:00Z,female
Q237959,Lee Krasner,Q123906428,"American Women Artists, Past and Present",Q19766231,Eleanor Tufts,1927-02-01T00:00:00Z,female
Q275610,Agnès Martin,Q123906428,"American Women Artists, Past and Present",Q19766231,Eleanor Tufts,1927-02-01T00:00:00Z,female
Q276372,Lee Bontecou,Q123906428,"American Women Artists, Past and Present",Q19766231,Eleanor Tufts,1927-02-01T00:00:00Z,female
Q436782,Susan Rothenberg,Q123906428,"American Women Artists, Past and Present",Q19766231,Eleanor Tufts,1927-02-01T00:00:00Z,female
Q436874,Hedda Sterne,Q123906428,"American Women Artists, Past and Present",Q19766231,Eleanor Tufts,1927-02-01T00:00:00Z,female
Q444567,Kay Sage,Q123906428,"American Women Artists, Past and Present",Q19766231,Eleanor Tufts,1927-02-01T00:00:00Z,female
Q460186,Alice Neel,Q123906428,"American Women Artists, Past and Present",Q19766231,Eleanor Tufts,1927-02-01T00:00:00Z,female
Q463639,Ana Mendieta,Q123906428,"American Women Artists, Past and Present",Q19766231,Eleanor Tufts,1927-02-01T00:00:00Z,female
Q464044,Katherine Dreier,Q123906428,"American Women Artists, Past and Present",Q19766231,Eleanor Tufts,1927-02-01T00:00:00Z,female
Q465777,Vija Celmins,Q123906428,"American Women Artists, Past and Present",Q19766231,Eleanor Tufts,1927-02-01T00:00:00Z,female
Q467462,Per Kirkeby,Q123567942,"Per Kirkeby, Painter Inspired by Nature, Is Dead at 79",Q7351542,Roberta Smith,1947-01-01T00:00:00Z,female
Q469934,Joan Mitchell,Q123906428,"American Women Artists, Past and Present",Q19766231,Eleanor Tufts,1927-02-01T00:00:00Z,female
Q535581,Grace Hartigan,Q123906428,"American Women Artists, Past and Present",Q19766231,Eleanor Tufts,1927-02-01T00:00:00Z,female
Q640936,Robert Ryman,Q123559282,"Robert Ryman, Minimalist Painter Who Made the Most of White, Dies at 88",Q7351542,Roberta Smith,1947-01-01T00:00:00Z,female
Q1067592,Charmion Von Wiegand,Q123906428,"American Women Artists, Past and Present",Q19766231,Eleanor Tufts,1927-02-01T00:00:00Z,female
Q1246260,Dorothea Rockburne,Q123906428,"American Women Artists, Past and Present",Q19766231,Eleanor Tufts,1927-02-01T00:00:00Z,female
Q1488149,Ida Applebroog,Q123906428,"American Women Artists, Past and Present",Q19766231,Eleanor Tufts,1927-02-01T00:00:00Z,female
Q1689871,Jo Baer,Q123906428,"American Women Artists, Past and Present",Q19766231,Eleanor Tufts,1927-02-01T00:00:00Z,female
Q2900288,Betye Saar,Q123906428,"American Women Artists, Past and Present",Q19766231,Eleanor Tufts,1927-02-01T00:00:00Z,female
Q5431220,Faith Ringgold,Q123906428,"American Women Artists, Past and Present",Q19766231,Eleanor Tufts,1927-02-01T00:00:00Z,female
Q5461886,Florine Stettheimer,Q123906428,"American Women Artists, Past and Present",Q19766231,Eleanor Tufts,1927-02-01T00:00:00Z,female
Q5553319,Gertrude Greene,Q123906428,"American Women Artists, Past and Present",Q19766231,Eleanor Tufts,1927-02-01T00:00:00Z,female
Q5921354,Howardena Pindell,Q123906428,"American Women Artists, Past and Present",Q19766231,Eleanor Tufts,1927-02-01T00:00:00Z,female
Q5968073,Irene Rice Pereira,Q123906428,"American Women Artists, Past and Present",Q19766231,Eleanor Tufts,1927-02-01T00:00:00Z,female
Q6152947,Jane Wilson,Q123906428,"American Women Artists, Past and Present",Q19766231,Eleanor Tufts,1927-02-01T00:00:00Z,female
Q151679,Roy Lichtenstein,Q89929597,,Q75159047,Esther Doornbusch,1972-01-01T00:00:00Z,female
Q153739,Jean Arp,Q89929597,,Q75159047,Esther Doornbusch,1972-01-01T00:00:00Z,female
Q153793,Georges Braque,Q89929597,,Q75159047,Esther Doornbusch,1972-01-01T00:00:00Z,female
Q154260,Oskar Kokoschka,Q1573212,,Q1345699,Michael Studemund-Halévy,1948-03-09T00:00:00Z,male
Q154260,Oskar Kokoschka,Q1573212,,Q1578299,Hans-Werner Engels,1941-07-08T00:00:00Z,male
Q154260,Oskar Kokoschka,Q1573212,,Q1717631,Jürgen Sarnowsky,1955-11-16T00:00:00Z,male
Q154260,Oskar Kokoschka,Q1573212,,Q15446551,Helmut Stubbe da Luz,1950-12-17T00:00:00Z,male
Q154260,Oskar Kokoschka,Q1573212,,Q95312414,Matthias Schmoock,1963-01-01T00:00:00Z,male
Q154260,Oskar Kokoschka,Q1573212,,Q111901502,Karin von Behr,1935-01-01T00:00:00Z,female
Q154842,Max Ernst,Q89929597,,Q75159047,Esther Doornbusch,1972-01-01T00:00:00Z,female
Q156272,André Derain,Q89929597,,Q75159047,Esther Doornbusch,1972-01-01T00:00:00Z,female
Q156622,Giorgio De Chirico,Q89929597,,Q75159047,Esther Doornbusch,1972-01-01T00:00:00Z,female
Q157194,Alberto Giacometti,Q89929597,,Q75159047,Esther Doornbusch,1972-01-01T00:00:00Z,female
Q157610,Lovis Corinth,Q72628185,Malerwerke des neunzehnten Jahrhunderts: Beitrag zur Kunstgeschichte,Q1338906,Friedrich von Boetticher,1826-06-23T00:00:00Z,male
Q158255,Lyonel Feininger,Q4173137,Еврейская энциклопедия,Q1690980,collectif d'écrivains,,
Q158840,James Ensor,Q602358,Энциклопедический словарь,Q2818964,AA.VV.,,
Q159409,Louise Bourgeois,Q89929597,,Q75159047,Esther Doornbusch,1972-01-01T00:00:00Z,female
Q169281,Robert Indiana,Q89929597,,Q75159047,Esther Doornbusch,1972-01-01T00:00:00Z,female
Q169984,Gino Severini,Q89929597,,Q75159047,Esther Doornbusch,1972-01-01T00:00:00Z,female
Q170071,Josef Albers,Q78372648,Biographical Dictionary of Modern American Educators,Q100390635,John G. Ramsay,1951-10-31T00:00:00Z,male
Q215457,Eva Hesse,Q116742585,American women sculptors,Q19664972,Charlotte Streifer Rubinstein,1921-12-14T00:00:00Z,female
Q231121,Yayoi Kusama,Q116742585,American women sculptors,Q19664972,Charlotte Streifer Rubinstein,1921-12-14T00:00:00Z,female
Q232391,Nathalie Gontcharova,Q68025925,,Q59627370,Miuda Naumovna Yablonskaya,1926-01-01T00:00:00Z,female
Q232391,Nathalie Gontcharova,Q94994375,Amazons of the avant-garde,Q16194679,Matthew Drutt,1962-12-08T00:00:00Z,male
Q232391,Nathalie Gontcharova,Q94994375,Amazons of the avant-garde,Q16627817,John Ellis Bowlt,1943-01-01T00:00:00Z,male
Q234324,Dorothea Tanning,Q116742585,American women sculptors,Q19664972,Charlotte Streifer Rubinstein,1921-12-14T00:00:00Z,female
Q242121,Alexandra Exter,Q68025925,,Q59627370,Miuda Naumovna Yablonskaya,1926-01-01T00:00:00Z,female
Q242121,Alexandra Exter,Q94994375,Amazons of the avant-garde,Q16194679,Matthew Drutt,1962-12-08T00:00:00Z,male
Q242121,Alexandra Exter,Q94994375,Amazons of the avant-garde,Q16627817,John Ellis Bowlt,1943-01-01T00:00:00Z,male
Q259594,Lioubov Popova,Q68025925,,Q59627370,Miuda Naumovna Yablonskaya,1926-01-01T00:00:00Z,female
Q259594,Lioubov Popova,Q94994375,Amazons of the avant-garde,Q16194679,Matthew Drutt,1962-12-08T00:00:00Z,male
Q259594,Lioubov Popova,Q94994375,Amazons of the avant-garde,Q16627817,John Ellis Bowlt,1943-01-01T00:00:00Z,male
Q270460,Olga Rozanova,Q68025925,,Q59627370,Miuda Naumovna Yablonskaya,1926-01-01T00:00:00Z,female
Q270460,Olga Rozanova,Q94994375,Amazons of the avant-garde,Q16194679,Matthew Drutt,1962-12-08T00:00:00Z,male
Q270460,Olga Rozanova,Q94994375,Amazons of the avant-garde,Q16627817,John Ellis Bowlt,1943-01-01T00:00:00Z,male
Q276372,Lee Bontecou,Q116742585,American women sculptors,Q19664972,Charlotte Streifer Rubinstein,1921-12-14T00:00:00Z,female
Q312392,Lucio Fontana,Q89929597,,Q75159047,Esther Doornbusch,1972-01-01T00:00:00Z,female
Q316667,Malcolm Morley,Q81593509,"Malcolm Morley, Genre-Crossing Artist, Is Dead at 86",Q1504224,Neil Genzlinger,1954-09-17T00:00:00Z,male
Q367973,Arman,Q89929597,,Q75159047,Esther Doornbusch,1972-01-01T00:00:00Z,female
Q374948,Varvara Stepanova,Q68025925,,Q59627370,Miuda Naumovna Yablonskaya,1926-01-01T00:00:00Z,female
Q374948,Varvara Stepanova,Q94994375,Amazons of the avant-garde,Q16194679,Matthew Drutt,1962-12-08T00:00:00Z,male
Q374948,Varvara Stepanova,Q94994375,Amazons of the avant-garde,Q16627817,John Ellis Bowlt,1943-01-01T00:00:00Z,male
Q388090,Afro Basaldella,Q89929597,,Q75159047,Esther Doornbusch,1972-01-01T00:00:00Z,female
Q399775,Lee Ufan,Q89929597,,Q75159047,Esther Doornbusch,1972-01-01T00:00:00Z,female
Q436782,Susan Rothenberg,Q123552002,"Susan Rothenberg, Acclaimed Figurative Painter, Dies at 75",Q118792515,Randy Kennedy,,male
Q463639,Ana Mendieta,Q99982378,,Q28972651,Vicki Ruiz,1955-05-21T00:00:00Z,female
Q463639,Ana Mendieta,Q99982378,,Q88590008,Virginia Sánchez Korrol,1936-08-27T00:00:00Z,female
Q463639,Ana Mendieta,Q116742585,American women sculptors,Q19664972,Charlotte Streifer Rubinstein,1921-12-14T00:00:00Z,female
Q465777,Vija Celmins,Q116742585,American women sculptors,Q19664972,Charlotte Streifer Rubinstein,1921-12-14T00:00:00Z,female
Q522662,Carmen Herrera,Q123487236,"Carmen Herrera, Cuban-Born Artist Who Won Fame at 89, Dies at 106",Q7343324,Robert D. McFadden,1937-02-11T00:00:00Z,male
Q535581,Grace Hartigan,Q120147775,Women of Achievement in Maryland history,Q120163782,Carolyn B. Stegman,,female
Q545445,Bernar Venet,Q89929597,,Q75159047,Esther Doornbusch,1972-01-01T00:00:00Z,female
Q667780,François Morellet,Q89929597,,Q75159047,Esther Doornbusch,1972-01-01T00:00:00Z,female
Q701592,Mimmo Paladino,Q89929597,,Q75159047,Esther Doornbusch,1972-01-01T00:00:00Z,female
Q708763,Philip Pearlstein,Q123487172,"Philip Pearlstein, Whose Realist Nudes Revived Portraiture, Dies at 98",Q8010229,William Grimes,1950-07-25T00:00:00Z,male
Q1246260,Dorothea Rockburne,Q116742585,American women sculptors,Q19664972,Charlotte Streifer Rubinstein,1921-12-14T00:00:00Z,female
Q2900288,Betye Saar,Q105958972,Notable Black American Women,Q47455946,Jessie Carney Smith,1930-09-24T00:00:00Z,female
Q5553319,Gertrude Greene,Q116742585,American women sculptors,Q19664972,Charlotte Streifer Rubinstein,1921-12-14T00:00:00Z,female
Q6115904,Jack Youngerman,Q123551604,"Jack Youngerman, Distinctively Abstract Artist, Dies at 93",Q8010229,William Grimes,1950-07-25T00:00:00Z,male
Q6178106,Jennifer Bartlett,Q123487159,"Jennifer Bartlett, Conceptual Painter on Vast Scale, Is Dead at 81",Q7351542,Roberta Smith,1947-01-01T00:00:00Z,female
Q6760826,Marguerite Zorach,Q116742585,American women sculptors,Q19664972,Charlotte Streifer Rubinstein,1921-12-14T00:00:00Z,female
Q6837258,Michelle Stuart,Q116742585,American women sculptors,Q19664972,Charlotte Streifer Rubinstein,1921-12-14T00:00:00Z,female
Q7668165,T. C. Cannon,Q104388519,American Indian Painters,Q104388570,Jeanne Snodgrass King,1927-09-12T00:00:00Z,female
Q21072290,John Clem Clarke,Q123522888,"John Clem Clarke, a Pop Art Perennial in SoHo, Dies at 83",Q113933664,Alex Traub,,male
Q21486095,Jeanne Reynal,Q116742585,American women sculptors,Q19664972,Charlotte Streifer Rubinstein,1921-12-14T00:00:00Z,female
Q4724,Le Corbusier,Q43231964,The Oxford Dictionary of Architecture,Q6143609,James Stevens Curl,1937-01-01T00:00:00Z,male
Q4724,Le Corbusier,Q43231964,The Oxford Dictionary of Architecture,Q112575322,Susan Wilson,,female
Q5577,Salvador Dalí,Q89929597,,Q75159047,Esther Doornbusch,1972-01-01T00:00:00Z,female
Q5593,Pablo Picasso,Q89929597,,Q75159047,Esther Doornbusch,1972-01-01T00:00:00Z,female
Q5603,Andy Warhol,Q89929597,,Q75159047,Esther Doornbusch,1972-01-01T00:00:00Z,female
Q34661,Gustav Klimt,Q72628185,Malerwerke des neunzehnten Jahrhunderts: Beitrag zur Kunstgeschichte,Q1338906,Friedrich von Boetticher,1826-06-23T00:00:00Z,male
Q40599,Édouard Manet,Q602358,Энциклопедический словарь,Q2818964,AA.VV.,,
Q107194,George Grosz,Q1145552,,,,,
Q130777,Kasimir Malevitch,Q1145552,,,,,
Q152233,Lazar Lissitzky,Q1145552,,,,,
Q152793,Karel Appel,Q1145552,,,,,
Q152797,Umberto Boccioni,Q1145552,,,,,
Q153739,Jean Arp,Q1145552,,,,,
Q154335,Yves Klein,Q1145552,,,,,
Q154340,Francis Bacon,Q1145552,,,,,
Q154842,Max Ernst,Q1145552,,,,,
Q154842,Max Ernst,Q1479960,,,,,
Q155057,Jasper Johns,Q1145552,,,,,
Q155158,Kurt Schwitters,Q1145552,,,,,
Q157183,Fernand Léger,Q1145552,,,,,
Q157194,Alberto Giacometti,Q1145552,,,,,
Q157610,Lovis Corinth,Q1766280,,,,,
Q158840,James Ensor,Q1145552,,,,,
Q160448,László Moholy-Nagy,Q1145552,,,,,
Q164351,Gerhard Richter,Q1145552,,,,,
Q164358,Robert Rauschenberg,Q1145552,,,,,
Q164775,Georg Baselitz,Q1145552,,,,,
Q168665,Bruce Nauman,Q1145552,,,,,
Q169984,Gino Severini,Q1145552,,,,,
Q170076,Jean Dubuffet,Q1145552,,,,,
Q231121,Yayoi Kusama,Q1145552,,,,,
Q262284,Barbara Kruger,Q1145552,,,,,
Q270460,Olga Rozanova,Q1145552,,,,,
Q276113,Sarah Morris,Q1145552,,,,,
Q279088,A. R. Penck,Q1145552,,,,,
Q313113,Joseph Kosuth,Q1145552,,,,,
Q313899,Edward Steichen,Q1186818,Den Store Danske Encyklopædi,,,,
Q319569,Sherrie Levine,Q1145552,,,,,
Q321245,Richard Serra,Q1145552,,,,,
Q374948,Varvara Stepanova,Q1145552,,,,,
Q376062,Sigmar Polke,Q1145552,,,,,
Q430967,Edward Ruscha,Q1145552,,,,,
Q448845,James Rosenquist,Q1145552,,,,,
Q453883,Chuck Close,Q1145552,,,,,
Q455931,George Maciunas,Q1145552,,,,,
Q463639,Ana Mendieta,Q1145552,,,,,
Q465168,Robert Morris,Q1145552,,,,,
Q475416,Brice Marden,Q1145552,,,,,
Q477373,Robert Barry,Q1145552,,,,,
Q538534,Maria Lassnig,Q1145552,,,,,
Q551899,Tony Smith,Q1145552,,,,,
Q556530,Niele Toroni,Q1145552,,,,,
Q558288,Francis Alÿs,Q1145552,,,,,
Q563515,Arnulf Rainer,Q1145552,,,,,
Q577242,Alfred Leslie,Q1145552,,,,,
Q593621,Daniel Buren,Q1145552,,,,,
Q610532,David Bourliouk,Q1145552,,,,,
Q651376,Hermann Nitsch,Q1145552,,,,,
Q680192,Lawrence Weiner,Q1145552,,,,,
Q683378,John Baldessari,Q1145552,,,,,
Q698256,On Kawara,Q1145552,,,,,
Q701952,Philip Guston,Q1145552,,,,,
Q705880,George Condo,Q1145552,,,,,
Q736247,Martin Kippenberger,Q1145552,,,,,
Q826298,Allen Ruppersberg,Q1145552,,,,,
Q834926,Marcel Broodthaers,Q1145552,,,,,
Q952233,David Wojnarowicz,Q1145552,,,,,
Q1377079,Wilhelm Sasnal,Q1145552,,,,,
Q1485390,Mel Bochner,Q1145552,,,,,
Q1488149,Ida Applebroog,Q1145552,,,,,
Q1677042,Jack Goldstein,Q1145552,,,,,
Q1689871,Jo Baer,Q1145552,,,,,
Q1866972,Llyn Foulkes,Q1145552,,,,,
Q2636085,Al Hansen,Q1145552,,,,,
Q2837749,Allan McCollum,Q1145552,,,,,
Q7345814,Robert Irwin,Q1145552,,,,,
Q7456580,Seth Price,Q1145552,,,,,
Q14633979,Christo,Q1145552,,,,,
Q20092318,Matt Connors,Q1145552,,,,,
Q20200747,John Day,Q131454,,,,,
Q21486183,Ei Arakawa,Q1145552,,,,,
Q296,Claude Monet,Q867541,Encyclopædia Britannica,,,,
Q4724,Le Corbusier,Q1145552,,,,,
Q5577,Salvador Dalí,Q1145552,,,,,
Q5582,Vincent van Gogh,Q907660,,,,,
Q5593,Pablo Picasso,Q1145552,,,,,
Q5603,Andy Warhol,Q1145552,,,,,
Q5912,Marcel Duchamp,Q1145552,,,,,
Q7836,René Magritte,Q1145552,,,,,
Q37571,Jackson Pollock,Q1145552,,,,,
Q37693,Paul Gauguin,Q678259,,,,,
Q38785,Michel Larionov,Q1145552,,,,,
Q39931,Auguste Renoir,Q300849,,,,,
Q39931,Auguste Renoir,Q867541,Encyclopædia Britannica,,,,
Q39931,Auguste Renoir,Q1186818,Den Store Danske Encyklopædi,,,,
Q39931,Auguste Renoir,Q2657718,,,,,
Q40599,Édouard Manet,Q867541,Encyclopædia Britannica,,,,
Q40599,Édouard Manet,Q1186818,Den Store Danske Encyklopædi,,,,
Q40599,Édouard Manet,Q1754332,,,,,
Q40599,Édouard Manet,Q2657718,,,,,
Q46139,Man Ray,Q1145552,,,,,
Q46373,Edgar Degas,Q867541,Encyclopædia Britannica,,,,
Q61064,Vassily Kandinsky,Q1145552,,,,,
Q82445,Henri de Toulouse-Lautrec,Q2657718,,,,,
Q82445,Henri de Toulouse-Lautrec,Q4532138,Энциклопедический словарь Гранат,,,,
Q93284,Marc Chagall,Q2657718,,,,,
Q93284,Marc Chagall,Q17378135,Большая советская энциклопедия,,,,
Q108301,Maurice Utrillo,Q2657718,,,,,
Q151573,Paul Signac,Q2657718,,,,,
Q151573,Paul Signac,Q17378135,Большая советская энциклопедия,,,,
Q151803,Piet Mondrian,Q17378135,Большая советская энциклопедия,,,,
Q152233,Lazar Lissitzky,Q17378135,Большая советская энциклопедия,,,,
Q152384,Joan Miró,Q2657718,,,,,
Q154260,Oskar Kokoschka,Q17378135,Большая советская энциклопедия,,,,
Q154260,Oskar Kokoschka,Q10685690,Svenskt konstnärslexikon,,,,
Q154349,Odilon Redon,Q17378135,Большая советская энциклопедия,,,,
Q155158,Kurt Schwitters,Q10685690,Svenskt konstnärslexikon,,,,
Q156128,Georges Rouault,Q4532138,Энциклопедический словарь Гранат,,,,
Q156128,Georges Rouault,Q17378135,Большая советская энциклопедия,,,,
Q156272,André Derain,Q17378135,Большая советская энциклопедия,,,,
Q156386,Henri Rousseau,Q4532138,Энциклопедический словарь Гранат,,,,
Q157183,Fernand Léger,Q17378135,Большая советская энциклопедия,,,,
Q157610,Lovis Corinth,Q17378135,Большая советская энциклопедия,,,,
Q158840,James Ensor,Q17378135,Большая советская энциклопедия,,,,
Q160422,Theo van Doesburg,Q18429168,,,,,
Q160448,László Moholy-Nagy,Q17378135,Большая советская энциклопедия,,,,
Q160448,László Moholy-Nagy,Q18429168,,,,,
Q161143,Karl Schmidt-Rottluff,Q20078554,Большая советская энциклопедия,,,,
Q171128,Diego Rivera,Q2657718,,,,,
Q229272,Ernst Ludwig Kirchner,Q17378135,Большая советская энциклопедия,,,,
Q232391,Nathalie Gontcharova,Q20078554,Большая советская энциклопедия,,,,
Q241098,Maurice de Vlaminck,Q2657718,,,,,
Q241098,Maurice de Vlaminck,Q17378135,Большая советская энциклопедия,,,,
Q262284,Barbara Kruger,Q5491517,,,,,
Q312631,Alexandre Rodtchenko,Q17378135,Большая советская энциклопедия,,,,
Q313899,Edward Steichen,Q18429168,,,,,
Q319569,Sherrie Levine,Q5491517,,,,,
Q332041,José Clemente Orozco,Q2657718,,,,,
Q332041,José Clemente Orozco,Q17378135,Большая советская энциклопедия,,,,
Q381277,Renato Guttuso,Q2657718,,,,,
Q442486,Elizabeth Peyton,Q15649499,Allgemeines Künstlerlexikon,,,,
Q468453,Jean Lurçat,Q17378135,Большая советская энциклопедия,,,,
Q695239,Ben Shahn,Q17378135,Большая советская энциклопедия,,,,
Q703369,Walter Sickert,Q15987490,The Enciclopædia Britannica,,,,
Q706359,Auguste Herbin,Q20078554,Большая советская энциклопедия,,,,
Q711903,Albert Gleizes,Q20078554,Большая советская энциклопедия,,,,
Q738892,Henri Laurens,Q20078554,Большая советская энциклопедия,,,,
Q972080,William Gropper,Q17378135,Большая советская энциклопедия,,,,
Q1045182,Carroll Dunham,Q15649499,Allgemeines Künstlerlexikon,,,,
Q1362480,Georges Annenkov,Q17378135,Большая советская энциклопедия,,,,
Q1368018,Henri Le Fauconnier,Q20078554,Большая советская энциклопедия,,,,
Q1488149,Ida Applebroog,Q5491517,,,,,
Q1568062,Miroslav Šutej,Q15649499,Allgemeines Künstlerlexikon,,,,
Q2131415,Raphael Soyer,Q17378135,Большая советская энциклопедия,,,,
Q3019743,Armando Pizzinato,Q17378135,Большая советская энциклопедия,,,,
Q3633491,Vasudev S. Gaitonde,Q15649499,Allgemeines Künstlerlexikon,,,,
Q3924184,Anton Refregier,Q17378135,Большая советская энциклопедия,,,,
Q5194227,Cundo Bermúdez,Q15649499,Allgemeines Künstlerlexikon,,,,
Q5214826,Dana Schutz,Q15649499,Allgemeines Künstlerlexikon,,,,
Q5967377,Evert Lundquist,Q10685690,Svenskt konstnärslexikon,,,,
Q16091387,William Bailey,Q15649499,Allgemeines Künstlerlexikon,,,,
Q20825678,Richard Pettibone,Q15649499,Allgemeines Künstlerlexikon,,,,
Q296,Claude Monet,Q15987490,The Enciclopædia Britannica,,,,
Q296,Claude Monet,Q19190511,Новый энциклопедический словарь,,,,
Q296,Claude Monet,Q20078554,Большая советская энциклопедия,,,,
Q4724,Le Corbusier,Q15649499,Allgemeines Künstlerlexikon,,,,
Q5577,Salvador Dalí,Q17329836,Encyclopédie Larousse en ligne,,,,
Q5577,Salvador Dalí,Q17378135,Большая советская энциклопедия,,,,
Q5582,Vincent van Gogh,Q17329836,Encyclopédie Larousse en ligne,,,,
Q5582,Vincent van Gogh,Q17378135,Большая советская энциклопедия,,,,
Q5588,Frida Kahlo,Q2657718,,,,,
Q5588,Frida Kahlo,Q17329836,Encyclopédie Larousse en ligne,,,,
Q5589,Henri Matisse,Q17329836,Encyclopédie Larousse en ligne,,,,
Q5589,Henri Matisse,Q20078554,Большая советская энциклопедия,,,,
Q5593,Pablo Picasso,Q17329836,Encyclopédie Larousse en ligne,,,,
Q5593,Pablo Picasso,Q17378135,Большая советская энциклопедия,,,,
Q26408,Pierre Bonnard,Q17378135,Большая советская энциклопедия,,,,
Q26408,Pierre Bonnard,Q20078554,Большая советская энциклопедия,,,,
Q34013,Georges Seurat,Q2657718,,,,,
Q34661,Gustav Klimt,Q20078554,Большая советская энциклопедия,,,,
Q35548,Paul Cézanne,Q2657718,,,,,
Q35548,Paul Cézanne,Q4532138,Энциклопедический словарь Гранат,,,,
Q35548,Paul Cézanne,Q17378135,Большая советская энциклопедия,,,,
Q37693,Paul Gauguin,Q19190511,Новый энциклопедический словарь,,,,
Q37693,Paul Gauguin,Q20078554,Большая советская энциклопедия,,,,
Q39931,Auguste Renoir,Q15987490,The Enciclopædia Britannica,,,,
Q40599,Édouard Manet,Q19180675,Малый энциклопедический словарь Брокгауза и Ефрона,,,,
Q40599,Édouard Manet,Q19219752,Meyers Konversations-Lexikon,,,,
Q40599,Édouard Manet,Q20078554,Большая советская энциклопедия,,,,
Q41406,Edvard Munch,Q15649499,Allgemeines Künstlerlexikon,,,,
Q41406,Edvard Munch,Q17378135,Большая советская энциклопедия,,,,
Q41406,Edvard Munch,Q19190511,Новый энциклопедический словарь,,,,
Q41406,Edvard Munch,Q20078554,Большая советская энциклопедия,,,,
Q44007,Paul Klee,Q17378135,Большая советская энциклопедия,,,,
Q44054,Franz Marc,Q17378135,Большая советская энциклопедия,,,,
Q44054,Franz Marc,Q20078554,Большая советская энциклопедия,,,,
Q46139,Man Ray,Q18429168,,,,,
Q46373,Edgar Degas,Q15987490,The Enciclopædia Britannica,,,,
Q61064,Vassily Kandinsky,Q17378135,Большая советская энциклопедия,,,,
Q61064,Vassily Kandinsky,Q20078554,Большая советская энциклопедия,,,,
Q61594,Meret Oppenheim,Q18915568,Lexikon deutschsprachiger Epik und Dramatik von Autorinnen 1730–1900,,,,
Q120993,Amedeo Modigliani,Q20078554,Большая советская энциклопедия,,,,
Q130777,Kasimir Malevitch,Q20078554,Большая советская энциклопедия,,,,
Q130777,Kasimir Malevitch,Q28666511,Московская энциклопедия  : Лица Москвы,,,,
Q153793,Georges Braque,Q20078554,Большая советская энциклопедия,,,,
Q154260,Oskar Kokoschka,Q20078554,Большая советская энциклопедия,,,,
Q154842,Max Ernst,Q20078554,Большая советская энциклопедия,,,,
Q156386,Henri Rousseau,Q20078554,Большая советская энциклопедия,,,,
Q156889,Suzanne Valadon,Q28487969,Concise Dictionary of Women Artists,,,,
Q156889,Suzanne Valadon,Q28927781,"Grote meesters van de westerse schilderkunst, Schilderessen",,,,
Q156889,Suzanne Valadon,Q28927781,Great Women Masters of Art,,,,
Q158840,James Ensor,Q20968284,Большая советская энциклопедия,,,,
Q159409,Louise Bourgeois,Q28487969,Concise Dictionary of Women Artists,,,,
Q160149,Mark Rothko,Q22443755,,,,,
Q164683,Max Beckmann,Q39845173,,,,,
Q165648,Arshile Gorky,Q28722393,Ով ով է. հայեր,,,,
Q215457,Eva Hesse,Q28487969,Concise Dictionary of Women Artists,,,,
Q232391,Nathalie Gontcharova,Q28487969,Concise Dictionary of Women Artists,,,,
Q232391,Nathalie Gontcharova,Q28666511,Московская энциклопедия  : Лица Москвы,,,,
Q232391,Nathalie Gontcharova,Q28927781,"Grote meesters van de westerse schilderkunst, Schilderessen",,,,
Q232391,Nathalie Gontcharova,Q28927781,Great Women Masters of Art,,,,
Q232972,Sonia Delaunay,Q28487969,Concise Dictionary of Women Artists,,,,
Q232972,Sonia Delaunay,Q28927781,"Grote meesters van de westerse schilderkunst, Schilderessen",,,,
Q232972,Sonia Delaunay,Q28927781,Great Women Masters of Art,,,,
Q234324,Dorothea Tanning,Q28487969,Concise Dictionary of Women Artists,,,,
Q234449,Bridget Riley,Q28487969,Concise Dictionary of Women Artists,,,,
Q235275,Remedios Varo Uranga,Q28487969,Concise Dictionary of Women Artists,,,,
Q235281,Helen Frankenthaler,Q28487969,Concise Dictionary of Women Artists,,,,
Q235281,Helen Frankenthaler,Q28927781,"Grote meesters van de westerse schilderkunst, Schilderessen",,,,
Q235281,Helen Frankenthaler,Q28927781,Great Women Masters of Art,,,,
Q237959,Lee Krasner,Q28487969,Concise Dictionary of Women Artists,,,,
Q237959,Lee Krasner,Q28927781,"Grote meesters van de westerse schilderkunst, Schilderessen",,,,
Q237959,Lee Krasner,Q28927781,Great Women Masters of Art,,,,
Q239394,Édouard Vuillard,Q20078554,Большая советская энциклопедия,,,,
Q242121,Alexandra Exter,Q20078554,Большая советская энциклопедия,,,,
Q242121,Alexandra Exter,Q28487969,Concise Dictionary of Women Artists,,,,
Q242121,Alexandra Exter,Q28666511,Московская энциклопедия  : Лица Москвы,,,,
Q242399,Maria Helena Vieira da Silva,Q28487969,Concise Dictionary of Women Artists,,,,
Q254395,Sophie Taeuber-Arp,Q28487969,Concise Dictionary of Women Artists,,,,
Q259594,Lioubov Popova,Q28487969,Concise Dictionary of Women Artists,,,,
Q259594,Lioubov Popova,Q28666511,Московская энциклопедия  : Лица Москвы,,,,
Q259594,Lioubov Popova,Q28927781,"Grote meesters van de westerse schilderkunst, Schilderessen",,,,
Q259594,Lioubov Popova,Q28927781,Great Women Masters of Art,,,,
Q262284,Barbara Kruger,Q28487969,Concise Dictionary of Women Artists,,,,
Q264193,Émile Bernard,Q20078554,Большая советская энциклопедия,,,,
Q270460,Olga Rozanova,Q28487969,Concise Dictionary of Women Artists,,,,
Q270460,Olga Rozanova,Q28927781,"Grote meesters van de westerse schilderkunst, Schilderessen",,,,
Q270460,Olga Rozanova,Q28927781,Great Women Masters of Art,,,,
Q274339,Gwen John,Q28487969,Concise Dictionary of Women Artists,,,,
Q275610,Agnès Martin,Q28487969,Concise Dictionary of Women Artists,,,,
Q276372,Lee Bontecou,Q28487969,Concise Dictionary of Women Artists,,,,
Q312631,Alexandre Rodtchenko,Q28666511,Московская энциклопедия  : Лица Москвы,,,,
Q313096,Jean Metzinger,Q22443755,,,,,
Q368254,Giacomo Balla,Q20078554,Большая советская энциклопедия,,,,
Q374948,Varvara Stepanova,Q28487969,Concise Dictionary of Women Artists,,,,
Q374948,Varvara Stepanova,Q28666511,Московская энциклопедия  : Лица Москвы,,,,
Q444567,Kay Sage,Q28487969,Concise Dictionary of Women Artists,,,,
Q460186,Alice Neel,Q28487969,Concise Dictionary of Women Artists,,,,
Q460186,Alice Neel,Q28927781,"Grote meesters van de westerse schilderkunst, Schilderessen",,,,
Q460186,Alice Neel,Q28927781,Great Women Masters of Art,,,,
Q466627,Tarsila do Amaral,Q28487969,Concise Dictionary of Women Artists,,,,
Q468453,Jean Lurçat,Q20078554,Большая советская энциклопедия,,,,
Q469934,Joan Mitchell,Q28487969,Concise Dictionary of Women Artists,,,,
Q535581,Grace Hartigan,Q28487969,Concise Dictionary of Women Artists,,,,
Q610532,David Bourliouk,Q28666511,Московская энциклопедия  : Лица Москвы,,,,
Q708544,Jean Paul Riopelle,Q22443755,,,,,
Q1242404,Gabriel Orozco,Q22443755,,,,,
Q1323876,El Anatsui,Q46002746,Dictionary of African Biography,,,,
Q1362480,Georges Annenkov,Q28666511,Московская энциклопедия  : Лица Москвы,,,,
Q1791520,Lygia Clark,Q28487969,Concise Dictionary of Women Artists,,,,
Q2471547,Władysław Strzemiński,Q24038862,Беларуская энцыклапедыя: У 18 т. Т. 15: Следавікі — Трыо,,,,
Q2617109,Chéri Samba,Q46002746,Dictionary of African Biography,,,,
Q2662098,Ibrahim el-Salahi,Q46002746,Dictionary of African Biography,,,,
Q2665553,Annette Messager,Q28487969,Concise Dictionary of Women Artists,,,,
Q2900288,Betye Saar,Q28487969,Concise Dictionary of Women Artists,,,,
Q5431220,Faith Ringgold,Q28487969,Concise Dictionary of Women Artists,,,,
Q5431220,Faith Ringgold,Q28927781,"Grote meesters van de westerse schilderkunst, Schilderessen",,,,
Q5431220,Faith Ringgold,Q28927781,Great Women Masters of Art,,,,
Q5461886,Florine Stettheimer,Q28487969,Concise Dictionary of Women Artists,,,,
Q5968073,Irene Rice Pereira,Q28487969,Concise Dictionary of Women Artists,,,,
Q6205466,Joan Snyder,Q28487969,Concise Dictionary of Women Artists,,,,
Q6760826,Marguerite Zorach,Q28487969,Concise Dictionary of Women Artists,,,,
Q21486072,Emilio Rodríguez-Larrain,Q51955019,,,,,
Q4724,Le Corbusier,Q28666511,Московская энциклопедия  : Лица Москвы,,,,
Q5588,Frida Kahlo,Q28487969,Concise Dictionary of Women Artists,,,,
Q5588,Frida Kahlo,Q28927781,"Grote meesters van de westerse schilderkunst, Schilderessen",,,,
Q5588,Frida Kahlo,Q28927781,Great Women Masters of Art,,,,
Q5593,Pablo Picasso,Q22443755,,,,,
Q35548,Paul Cézanne,Q51955019,,,,,
Q37693,Paul Gauguin,Q51955019,,,,,
Q38785,Michel Larionov,Q28666511,Московская энциклопедия  : Лица Москвы,,,,
Q39931,Auguste Renoir,Q20089963,New International Encyclopedia,,,,
Q39931,Auguste Renoir,Q51955019,,,,,
Q40599,Édouard Manet,Q51955019,,,,,
Q46373,Edgar Degas,Q51955019,,,,,
Q46408,Georgia O'Keeffe,Q28487969,Concise Dictionary of Women Artists,,,,
Q46408,Georgia O'Keeffe,Q28927781,"Grote meesters van de westerse schilderkunst, Schilderessen",,,,
Q46408,Georgia O'Keeffe,Q28927781,Great Women Masters of Art,,,,
Q61064,Vassily Kandinsky,Q28666511,Московская энциклопедия  : Лица Москвы,,,,
Q61594,Meret Oppenheim,Q28487969,Concise Dictionary of Women Artists,,,,
Q107194,George Grosz,Q58488719,,,,,
Q120993,Amedeo Modigliani,Q51955019,,,,,
Q152797,Umberto Boccioni,Q51955019,,,,,
Q156622,Giorgio De Chirico,Q51955019,,,,,
Q157194,Alberto Giacometti,Q67311526,,,,,
Q157321,Francis Picabia,Q67311526,,,,,
Q157610,Lovis Corinth,Q67311526,,,,,
Q158099,Antoni Tàpies,Q67311526,,,,,
Q158255,Lyonel Feininger,Q58488719,,,,,
Q159409,Louise Bourgeois,Q56821850,"Broad strokes : 15 women who made art and made history, in that order",,,,
Q7144042,Pat Steir,Q123906428,"American Women Artists, Past and Present",Q19766231,Eleanor Tufts,1927-02-01T00:00:00Z,female
Q7363836,Ron Gorchov,Q123552374,"Ron Gorchov, Painter Who Challenged Viewers’ Perceptions, Dies at 90",Q7351542,Roberta Smith,1947-01-01T00:00:00Z,female
Q7660986,Sylvia Plimack Mangold,Q123906428,"American Women Artists, Past and Present",Q19766231,Eleanor Tufts,1927-02-01T00:00:00Z,female
Q7804189,Tim Rollins,Q123567613,Tim Rollins Dies at 62; Turned Bronx Teenagers Into Art Stars,Q7351542,Roberta Smith,1947-01-01T00:00:00Z,female
Q8062463,Yvonne Jacquette,Q123906428,"American Women Artists, Past and Present",Q19766231,Eleanor Tufts,1927-02-01T00:00:00Z,female
Q15442578,Honoré Desmond Sharrer,Q123906428,"American Women Artists, Past and Present",Q19766231,Eleanor Tufts,1927-02-01T00:00:00Z,female
Q16008255,Ree Morton,Q123906428,"American Women Artists, Past and Present",Q19766231,Eleanor Tufts,1927-02-01T00:00:00Z,female
Q18618540,Clara McDonald Williamson,Q123906428,"American Women Artists, Past and Present",Q19766231,Eleanor Tufts,1927-02-01T00:00:00Z,female
Q21095016,Thomas Nozkowski,Q123559073,"Thomas Nozkowski, Painter of Bold (if Small) Abstractions, Dies at 75",Q7351542,Roberta Smith,1947-01-01T00:00:00Z,female
Q21486095,Jeanne Reynal,Q123906428,"American Women Artists, Past and Present",Q19766231,Eleanor Tufts,1927-02-01T00:00:00Z,female
Q5588,Frida Kahlo,Q124097894,Wegbereiterinnen,Q6526589,Gisela Notz,1942-01-01T00:00:00Z,female
Q46408,Georgia O'Keeffe,Q123906428,"American Women Artists, Past and Present",Q19766231,Eleanor Tufts,1927-02-01T00:00:00Z,female
Q46408,Georgia O'Keeffe,Q124097894,Wegbereiterinnen,Q6526589,Gisela Notz,1942-01-01T00:00:00Z,female
Q6178106,Jennifer Bartlett,Q123906428,"American Women Artists, Past and Present",Q19766231,Eleanor Tufts,1927-02-01T00:00:00Z,female
Q6204894,Joan Brown,Q123906428,"American Women Artists, Past and Present",Q19766231,Eleanor Tufts,1927-02-01T00:00:00Z,female
Q6205466,Joan Snyder,Q123906428,"American Women Artists, Past and Present",Q19766231,Eleanor Tufts,1927-02-01T00:00:00Z,female
Q6760826,Marguerite Zorach,Q123906428,"American Women Artists, Past and Present",Q19766231,Eleanor Tufts,1927-02-01T00:00:00Z,female
Q6837258,Michelle Stuart,Q123906428,"American Women Artists, Past and Present",Q19766231,Eleanor Tufts,1927-02-01T00:00:00Z,female
Q2900288,Betye Saar,Q116742585,American women sculptors,Q19664972,Charlotte Streifer Rubinstein,1921-12-14T00:00:00Z,female
Q4912103,Billy Al Bengston,Q123486506,"Billy Al Bengston, Painter Who Channeled California Cool, Dies at 88",Q61709803,Alex Williams,,male
Q5431220,Faith Ringgold,Q105958972,Notable Black American Women,Q47455946,Jessie Carney Smith,1930-09-24T00:00:00Z,female
Q5431220,Faith Ringgold,Q116742585,American women sculptors,Q19664972,Charlotte Streifer Rubinstein,1921-12-14T00:00:00Z,female
Q40599,Édouard Manet,Q72628185,Malerwerke des neunzehnten Jahrhunderts: Beitrag zur Kunstgeschichte,Q1338906,Friedrich von Boetticher,1826-06-23T00:00:00Z,male
Q46139,Man Ray,Q89929597,,Q75159047,Esther Doornbusch,1972-01-01T00:00:00Z,female
Q46373,Edgar Degas,Q602358,Энциклопедический словарь,Q2818964,AA.VV.,,
Q46408,Georgia O'Keeffe,Q33876099,Die Damen mit dem grünen Daumen,Q33876377,Claudia Lanfranconi,1971-01-01T00:00:00Z,female
Q46408,Georgia O'Keeffe,Q33876099,Die Damen mit dem grünen Daumen,Q33876676,Sabine Frank,1963-01-01T00:00:00Z,female
Q46408,Georgia O'Keeffe,Q116742585,American women sculptors,Q19664972,Charlotte Streifer Rubinstein,1921-12-14T00:00:00Z,female
Q61594,Meret Oppenheim,Q89929597,,Q75159047,Esther Doornbusch,1972-01-01T00:00:00Z,female
Q159907,David Hockney,Q1145552,,,,,
Q345379,Julian Schnabel,Q1145552,,,,,
Q352437,Takashi Murakami,Q1145552,,,,,
Q368254,Giacomo Balla,Q1145552,,,,,
Q153104,Otto Dix,Q17378135,Большая советская энциклопедия,,,,
Q153793,Georges Braque,Q17378135,Большая советская энциклопедия,,,,
Q152233,Lazar Lissitzky,Q28666511,Московская энциклопедия  : Лица Москвы,,,,
Q160448,László Moholy-Nagy,Q67311526,,,,,
Q164351,Gerhard Richter,Q67311526,,,,,
Q164712,Paul Delvaux,Q67311526,,,,,
Q165648,Arshile Gorky,Q67311526,,,,,
Q167414,František Kupka,Q67311526,,,,,
Q169984,Gino Severini,Q67311526,,,,,
Q170345,Kees van Dongen,Q67311526,,,,,
Q171128,Diego Rivera,Q67311526,,,,,
Q200622,Luc Tuymans,Q67311526,,,,,
Q220545,Zoran Mušič,Q67311526,,,,,
Q229272,Ernst Ludwig Kirchner,Q67311526,,,,,
Q235165,Séraphine de Senlis,Q67311526,,,,,
Q237959,Lee Krasner,Q56821850,"Broad strokes : 15 women who made art and made history, in that order",,,,
Q320868,Giuseppe Capogrossi,Q51955019,,,,,
Q381277,Renato Guttuso,Q51955019,,,,,
Q460186,Alice Neel,Q56821850,"Broad strokes : 15 women who made art and made history, in that order",,,,
Q463639,Ana Mendieta,Q56821850,"Broad strokes : 15 women who made art and made history, in that order",,,,
Q531234,Jim Dine,Q51955019,,,,,
Q544899,Ellsworth Kelly,Q67311526,,,,,
Q558060,Victor Brauner,Q67311526,,,,,
Q686615,Robert Mangold,Q67311526,,,,,
Q695239,Ben Shahn,Q58488719,,,,,
Q695239,Ben Shahn,Q67311526,,,,,
Q698877,Mario Merz,Q67311526,,,,,
Q703369,Walter Sickert,Q67311526,,,,,
Q708504,Jean Bazaine,Q67311526,,,,,
Q708631,Pierre Soulages,Q67311526,,,,,
Q711903,Albert Gleizes,Q67311526,,,,,
Q718882,Roger de La Fresnaye,Q67311526,,,,,
Q787155,Mikhaïl Matiouchine,Q67311526,,,,,
Q832432,Kerry James Marshall,Q58488719,,,,,
Q972080,William Gropper,Q58488719,,,,,
Q972080,William Gropper,Q67311526,,,,,
Q1261891,Ronald Bladen,Q67311526,,,,,
Q1281272,Peter Doig,Q67311526,,,,,
Q1282413,Stanley Spencer,Q67311526,,,,,
Q1291679,Romare Bearden,Q67311526,,,,,
Q1362480,Georges Annenkov,Q67311526,,,,,
Q1393354,Georges Ribemont-Dessaignes,Q67311526,,,,,
Q1683665,Jaroslav Serpan,Q67311526,,,,,
Q1689871,Jo Baer,Q67311526,,,,,
Q2131691,Raqib Shaw,Q67311526,,,,,
Q2418467,Theodor Werner,Q56099104,,,,,
Q2471547,Władysław Strzemiński,Q67311526,,,,,
Q3379002,Philip Evergood,Q67311526,,,,,
Q3571991,Yasuo Kuniyoshi,Q58488719,,,,,
Q3571991,Yasuo Kuniyoshi,Q67311526,,,,,
Q7634046,Sue Coe,Q58488719,,,,,
Q66809948,Yves Tanguy,Q67311526,,,,,
Q296,Claude Monet,Q51955019,,,,,
Q296,Claude Monet,Q67311526,,,,,
Q4724,Le Corbusier,Q64331210,Who's Who in the Twentieth Century,,,,
Q4724,Le Corbusier,Q67311526,,,,,
Q5577,Salvador Dalí,Q67311526,,,,,
Q5582,Vincent van Gogh,Q51955019,,,,,
Q5582,Vincent van Gogh,Q67311526,,,,,
Q5588,Frida Kahlo,Q67311526,,,,,
Q5589,Henri Matisse,Q67311526,,,,,
Q5593,Pablo Picasso,Q51955019,,,,,
Q5593,Pablo Picasso,Q67311526,,,,,
Q5603,Andy Warhol,Q67311526,,,,,
Q5912,Marcel Duchamp,Q67311526,,,,,
Q7836,René Magritte,Q67311526,,,,,
Q26408,Pierre Bonnard,Q67311526,,,,,
Q33981,August Macke,Q67311526,,,,,
Q34013,Georges Seurat,Q51955019,,,,,
Q34013,Georges Seurat,Q67311526,,,,,
Q34661,Gustav Klimt,Q51955019,,,,,
Q34661,Gustav Klimt,Q67311526,,,,,
Q35548,Paul Cézanne,Q67311526,,,,,
Q37693,Paul Gauguin,Q67311526,,,,,
Q38785,Michel Larionov,Q67311526,,,,,
Q39931,Auguste Renoir,Q67311526,,,,,
Q40599,Édouard Manet,Q67311526,,,,,
Q41406,Edvard Munch,Q67311526,,,,,
Q44007,Paul Klee,Q67311526,,,,,
Q44032,Egon Schiele,Q67311526,,,,,
Q44054,Franz Marc,Q67311526,,,,,
Q46139,Man Ray,Q67311526,,,,,
Q46373,Edgar Degas,Q67311526,,,,,
Q61064,Vassily Kandinsky,Q67311526,,,,,
Q82445,Henri de Toulouse-Lautrec,Q99413897,,,,,
Q93284,Marc Chagall,Q67311526,,,,,
Q107194,George Grosz,Q67311526,,,,,
Q108301,Maurice Utrillo,Q67311526,,,,,
Q120993,Amedeo Modigliani,Q67311526,,,,,
Q130777,Kasimir Malevitch,Q67311526,,,,,
Q132305,Willem de Kooning,Q67311526,,,,,
Q151679,Roy Lichtenstein,Q67311526,,,,,
Q151803,Piet Mondrian,Q67311526,,,,,
Q152233,Lazar Lissitzky,Q67311526,,,,,
Q152384,Joan Miró,Q67311526,,,,,
Q152788,Emil Nolde,Q67311526,,,,,
Q152797,Umberto Boccioni,Q67311526,,,,,
Q153739,Jean Arp,Q67311526,,,,,
Q153793,Georges Braque,Q67311526,,,,,
Q154260,Oskar Kokoschka,Q67311526,,,,,
Q154349,Odilon Redon,Q67311526,,,,,
Q154594,Lucian Freud,Q67311526,,,,,
Q154842,Max Ernst,Q67311526,,,,,
Q156128,Georges Rouault,Q67311526,,,,,
Q156386,Henri Rousseau,Q67311526,,,,,
Q156426,Alexej von Jawlensky,Q67311526,,,,,
Q156622,Giorgio De Chirico,Q67311526,,,,,
Q156889,Suzanne Valadon,Q67311526,,,,,
Q167414,František Kupka,Q99413897,,,,,
Q169281,Robert Indiana,Q98783111,,,,,
Q213685,Heinrich Campendonk,Q73007452,Wie is dat?,,,,
Q213685,Heinrich Campendonk,Q103895748,"Campendonk, Heinrich",,,,
Q239394,Édouard Vuillard,Q67311526,,,,,
Q261562,Mark Tobey,Q67311526,,,,,
Q264193,Émile Bernard,Q67311526,,,,,
Q272877,Fernando Botero,Q67311526,,,,,
Q281637,Ben Nicholson,Q67311526,,,,,
Q312392,Lucio Fontana,Q67311526,,,,,
Q313899,Edward Steichen,Q67311526,,,,,
Q315647,David Alfaro Siqueiros,Q67311526,,,,,
Q316325,Andrew Wyeth,Q67311526,,,,,
Q321245,Richard Serra,Q91439317,,,,,
Q321462,Albert Bloch,Q67311526,,,,,
Q325076,Horace Pippin,Q100427138,,,,,
Q325925,Balthus,Q67311526,,,,,
Q332041,José Clemente Orozco,Q67311526,,,,,
Q345379,Julian Schnabel,Q67311526,,,,,
Q355566,Jacob Lawrence,Q100427138,,,,,
Q365304,Bernard Buffet,Q67311526,,,,,
Q376062,Sigmar Polke,Q67311526,,,,,
Q376062,Sigmar Polke,Q100427138,,,,,
Q381277,Renato Guttuso,Q67311526,,,,,
Q448845,James Rosenquist,Q67311526,,,,,
Q450236,Roberto Matta,Q67311526,,,,,
Q452254,Jacques Villon,Q67311526,,,,,
Q455115,Otto Piene,Q67311526,,,,,
Q461464,Eugène Carrière,Q67311526,,,,,
Q462325,Isa Genzken,Q67311526,,,,,
Q465342,Wifredo Lam,Q67311526,,,,,
Q466627,Tarsila do Amaral,Q67311526,,,,,
Q468453,Jean Lurçat,Q67311526,,,,,
Q469063,Julius Mordecai Pincas,Q67311526,,,,,
Q472785,James Brooks,Q100427138,,,,,
Q526470,Sam Francis,Q67311526,,,,,
Q535343,Sean Scully,Q67311526,,,,,
Q538534,Maria Lassnig,Q67311526,,,,,
Q538534,Maria Lassnig,Q98281053,biografiA: Lexikon österreichischer Frauen,,,,
Q832432,Kerry James Marshall,Q100427138,,,,,
Q952233,David Wojnarowicz,Q80947707,,,,,
Q1042835,Carlos Cruz-Diez,Q81594803,"Carlos Cruz-Diez, Whose Art Made Color Move, Is Dead at 95",,,,
Q1264049,Frank Bowling,Q100427138,,,,,
Q1291679,Romare Bearden,Q100427138,,,,,
Q2216478,Sam Gilliam,Q100427138,,,,,
Q2893161,Beauford Delaney,Q100427138,,,,,
Q2900288,Betye Saar,Q100427138,,,,,
Q3057700,Wilson Bigaud,Q100427138,,,,,
Q4889934,Benny Andrews,Q100427138,,,,,
Q4934184,Bob Thompson,Q100427138,,,,,
Q5342309,Edward Clark,Q100427138,,,,,
Q5431220,Faith Ringgold,Q100427138,,,,,
Q5568956,Glenn Ligon,Q100427138,,,,,
Q5921354,Howardena Pindell,Q100427138,,,,,
Q5967377,Evert Lundquist,Q75311703,,,,,
Q5968073,Irene Rice Pereira,Q100427138,,,,,
Q6115781,Jack Whitten,Q100427138,,,,,
Q6178106,Jennifer Bartlett,Q103891890,"Bartlett, Jennifer",,,,
Q6178106,Jennifer Bartlett,Q103945336,"Bartlett, Jennifer",,,,
Q7052490,Norman Lewis,Q100427138,,,,,
Q7144042,Pat Steir,Q91439317,,,,,
Q7407719,Sam Joseph Ntiro,Q100427138,,,,,
Q7456580,Seth Price,Q91439317,,,,,
Q7793969,Thomas Sills,Q100427138,,,,,
Q8019143,William T. Williams,Q100427138,,,,,
Q11105744,Hyman Bloom,Q79266177,Hyman Bloom,,,,
Q11105744,Hyman Bloom,Q103971316,"Bloom, Hyman",,,,
Q15489989,Hale Woodruff,Q100427138,,,,,
Q20089889,Malcolm Bailey,Q100427138,,,,,
Q20089922,Oliver Lee Jackson,Q100427138,,,,,
Q5577,Salvador Dalí,Q99413897,,,,,
Q5582,Vincent van Gogh,Q99413897,,,,,
Q5593,Pablo Picasso,Q99413897,,,,,
Q33981,August Macke,Q103953680,"Macke, August",,,,
Q37693,Paul Gauguin,Q99413897,,,,,
Q39931,Auguste Renoir,Q99413897,,,,,
Q151803,Piet Mondrian,Q123625363,Հայկական սովետական հանրագիտարան,,,,
Q151803,Piet Mondrian,Q124348320,,,,,
Q152384,Joan Miró,Q106729628,,,,,
Q152793,Karel Appel,Q104771187,TheaterEncyclopedie,,,,
Q152793,Karel Appel,Q110290697,,,,,
Q156622,Giorgio De Chirico,Q119948431,Schaffhauser Kantonsgeschichte des 19. und 20. Jahrhunderts,,,,
Q156622,Giorgio De Chirico,Q124737632,,,,,
Q160448,László Moholy-Nagy,Q106105970,,,,,
Q164775,Georg Baselitz,Q104771187,TheaterEncyclopedie,,,,
Q165648,Arshile Gorky,Q124737616,,,,,
Q168665,Bruce Nauman,Q106105970,,,,,
Q174655,Bart van der Leck,Q110290697,,,,,
Q174655,Bart van der Leck,Q124348320,,,,,
Q213685,Heinrich Campendonk,Q104015897,"Campendonk, Heinrich",,,,
Q215919,Frank Auerbach,Q106729628,,,,,
Q216570,Theodore Lux Feininger,Q113494166,,,,,
Q232391,Nathalie Gontcharova,Q104771187,TheaterEncyclopedie,,,,
Q232391,Nathalie Gontcharova,Q105012224,,,,,
Q232391,Nathalie Gontcharova,Q124737616,,,,,
Q235281,Helen Frankenthaler,Q111975601,,,,,
Q270460,Olga Rozanova,Q107344250,Русские писатели 1800—1917: Биографический словарь,,,,
Q274339,Gwen John,Q124350773,A Historical Dictionary of British Women,,,,
Q276113,Sarah Morris,Q106105970,,,,,
Q309618,Giorgio Morandi,Q124737635,,,,,
Q321245,Richard Serra,Q106105970,,,,,
Q325076,Horace Pippin,Q110308119,St. James Guide to Black Artists,,,,
Q355566,Jacob Lawrence,Q110308119,St. James Guide to Black Artists,,,,
Q465168,Robert Morris,Q106105970,,,,,
Q465342,Wifredo Lam,Q110308119,St. James Guide to Black Artists,,,,
Q468453,Jean Lurçat,Q124737630,,,,,
Q535581,Grace Hartigan,Q111975601,,,,,
Q537838,Jean Fautrier,Q108703831,Jean Fautrier’s Jolies Juives,,,,
Q556337,Alighiero Boetti,Q106105970,,,,,
Q558288,Francis Alÿs,Q106105970,,,,,
Q558505,Richard Anuszkiewicz,Q123552327,"Richard Anuszkiewicz, Whose Op Art Caught Eyes in the ’60s, Dies at 89",,,,
Q563515,Arnulf Rainer,Q106105970,,,,,
Q573374,Jan Dibbets,Q106105970,,,,,
Q593621,Daniel Buren,Q106105970,,,,,
Q610532,David Bourliouk,Q106707729,Русские писатели 1800—1917: Биографический словарь (русский),,,,
Q610532,David Bourliouk,Q108611244,Литераторы Санкт-Петербурга. ХХ век,,,,
Q610532,David Bourliouk,Q124510026,"Русская литература XX века. Прозаики, поэты, драматурги",,,,
Q651376,Hermann Nitsch,Q106105970,,,,,
Q680192,Lawrence Weiner,Q106105970,,,,,
Q683378,John Baldessari,Q106105970,,,,,
Q698275,Wayne Thiebaud,Q123521938,"Wayne Thiebaud, Playful Painter of the Everyday, Dies at 101",,,,
Q698306,Enzo Cucchi,Q119948431,Schaffhauser Kantonsgeschichte des 19. und 20. Jahrhunderts,,,,
Q698877,Mario Merz,Q106105970,,,,,
Q726169,David Smith,Q117266911,"Indiana Authors and their Books, 1967-1980",,,,
Q826569,Gino De Dominicis,Q106105970,,,,,
Q832432,Kerry James Marshall,Q110308119,St. James Guide to Black Artists,,,,
Q952233,David Wojnarowicz,Q106105970,,,,,
Q1264049,Frank Bowling,Q110308119,St. James Guide to Black Artists,,,,
Q1291679,Romare Bearden,Q110308119,St. James Guide to Black Artists,,,,
Q1323876,El Anatsui,Q110308119,St. James Guide to Black Artists,,,,
Q1362480,Georges Annenkov,Q108611244,Литераторы Санкт-Петербурга. ХХ век,,,,
Q1362480,Georges Annenkov,Q124510026,"Русская литература XX века. Прозаики, поэты, драматурги",,,,
Q2216478,Sam Gilliam,Q110308119,St. James Guide to Black Artists,,,,
Q2617109,Chéri Samba,Q110308119,St. James Guide to Black Artists,,,,
Q2637678,David Salle,Q106105970,,,,,
Q2662098,Ibrahim el-Salahi,Q110308119,St. James Guide to Black Artists,,,,
Q2676807,Robert Colescott,Q110308119,St. James Guide to Black Artists,,,,
Q2893161,Beauford Delaney,Q110308119,St. James Guide to Black Artists,,,,
Q2900288,Betye Saar,Q110308119,St. James Guide to Black Artists,,,,
Q3057700,Wilson Bigaud,Q110308119,St. James Guide to Black Artists,,,,
Q3381180,Philomé Obin,Q110308119,St. James Guide to Black Artists,,,,
Q4889934,Benny Andrews,Q110308119,St. James Guide to Black Artists,,,,
Q4934184,Bob Thompson,Q110308119,St. James Guide to Black Artists,,,,
Q5342309,Edward Clark,Q110308119,St. James Guide to Black Artists,,,,
Q5431220,Faith Ringgold,Q110308119,St. James Guide to Black Artists,,,,
Q5433958,Fannie Hillsmith,Q111975601,,,,,
Q5550901,Thomas Mukarobgwa,Q110308119,St. James Guide to Black Artists,,,,
Q5568956,Glenn Ligon,Q110308119,St. James Guide to Black Artists,,,,
Q5769118,Hiram Williams,Q117272481,"Indiana Authors and their Books, 1917-1966",,,,
Q5921354,Howardena Pindell,Q110308119,St. James Guide to Black Artists,,,,
Q6115781,Jack Whitten,Q110308119,St. James Guide to Black Artists,,,,
Q6153610,Janet Sobel,Q123521957,"Overlooked No More: Janet Sobel, Whose Art Influenced Jackson Pollock",,,,
Q6760826,Marguerite Zorach,Q111975601,,,,,
Q6760826,Marguerite Zorach,Q124660533,,,,,
Q7052490,Norman Lewis,Q110308119,St. James Guide to Black Artists,,,,
Q7407719,Sam Joseph Ntiro,Q115653803,,,,,
Q7456580,Seth Price,Q106105970,,,,,
Q7793969,Thomas Sills,Q110308119,St. James Guide to Black Artists,,,,
Q8019143,William T. Williams,Q110308119,St. James Guide to Black Artists,,,,
Q15442578,Honoré Desmond Sharrer,Q111975601,,,,,
Q15489989,Hale Woodruff,Q110308119,St. James Guide to Black Artists,,,,
Q18714041,Theora Hamblett,Q111975601,,,,,
Q19691554,Elizabeth Sparhawk-Jones,Q111975601,,,,,
Q20089889,Malcolm Bailey,Q110308119,St. James Guide to Black Artists,,,,
Q20089922,Oliver Lee Jackson,Q110308119,St. James Guide to Black Artists,,,,
Q296,Claude Monet,Q123558569,,,,,
Q4724,Le Corbusier,Q124737630,,,,,
Q5912,Marcel Duchamp,Q110667030,,,,,
Q26408,Pierre Bonnard,Q119948431,Schaffhauser Kantonsgeschichte des 19. und 20. Jahrhunderts,,,,
Q33978,Robert Delaunay,Q124737616,,,,,
Q37693,Paul Gauguin,Q115627942,Enciclopedia universal ilustrada europeo-americana,,,,
Q37693,Paul Gauguin,Q124737616,,,,,
Q41406,Edvard Munch,Q124737635,,,,,
Q46373,Edgar Degas,Q124737616,,,,,
Q46408,Georgia O'Keeffe,Q111975601,,,,,
Q61064,Vassily Kandinsky,Q124737632,,,,,
Q82445,Henri de Toulouse-Lautrec,Q127157391,Искусство стран и народов мира,,,,
Q93284,Marc Chagall,Q127157391,Искусство стран и народов мира,,,,
Q108301,Maurice Utrillo,Q127157391,Искусство стран и народов мира,,,,
Q130777,Kasimir Malevitch,Q126953276,Искусство стран и народов мира,,,,
Q151573,Paul Signac,Q127157391,Искусство стран и народов мира,,,,
Q152233,Lazar Lissitzky,Q126953276,Искусство стран и народов мира,,,,
Q153793,Georges Braque,Q127157391,Искусство стран и народов мира,,,,
Q154260,Oskar Kokoschka,Q124737632,,,,,
Q154349,Odilon Redon,Q127157391,Искусство стран и народов мира,,,,
Q154842,Max Ernst,Q130368343,,,,,
Q156128,Georges Rouault,Q127157391,Искусство стран и народов мира,,,,
Q156272,André Derain,Q127157391,Искусство стран и народов мира,,,,
Q156386,Henri Rousseau,Q127157391,Искусство стран и народов мира,,,,
Q156386,Henri Rousseau,Q130368343,,,,,
Q157183,Fernand Léger,Q127157391,Искусство стран и народов мира,,,,
Q159409,Louise Bourgeois,Q132191645,,,,,
Q160141,Chaïm Soutine,Q127157391,Искусство стран и народов мира,,,,
Q167414,František Kupka,Q128485799,,,,,
Q232391,Nathalie Gontcharova,Q126953276,Искусство стран и народов мира,,,,
Q239394,Édouard Vuillard,Q127157391,Искусство стран и народов мира,,,,
Q241098,Maurice de Vlaminck,Q127157391,Искусство стран и народов мира,,,,
Q242121,Alexandra Exter,Q126953276,Искусство стран и народов мира,,,,
Q259594,Lioubov Popova,Q126953276,Искусство стран и народов мира,,,,
Q312631,Alexandre Rodtchenko,Q126953276,Искусство стран и народов мира,,,,
Q315647,David Alfaro Siqueiros,Q124737637,,,,,
Q319532,Candido Portinari,Q124737636,,,,,
Q319569,Sherrie Levine,Q125397464,,,,,
Q374948,Varvara Stepanova,Q126953276,Искусство стран и народов мира,,,,
Q381950,Antoine Pevsner,Q127157391,Искусство стран и народов мира,,,,
Q468453,Jean Lurçat,Q127157391,Искусство стран и народов мира,,,,
Q610532,David Bourliouk,Q125555255,,,,,
Q610532,David Bourliouk,Q125704017,,,,,
Q1362480,Georges Annenkov,Q126953276,Искусство стран и народов мира,,,,
Q296,Claude Monet,Q127157391,Искусство стран и народов мира,,,,
Q5589,Henri Matisse,Q127157391,Искусство стран и народов мира,,,,
Q5593,Pablo Picasso,Q127157391,Искусство стран и народов мира,,,,
Q26408,Pierre Bonnard,Q127157391,Искусство стран и народов мира,,,,
Q33978,Robert Delaunay,Q127157391,Искусство стран и народов мира,,,,
Q34013,Georges Seurat,Q127157391,Искусство стран и народов мира,,,,
Q35548,Paul Cézanne,Q127157391,Искусство стран и народов мира,,,,
Q37693,Paul Gauguin,Q127157391,Искусство стран и народов мира,,,,
Q38785,Michel Larionov,Q126953276,Искусство стран и народов мира,,,,
Q39931,Auguste Renoir,Q127157391,Искусство стран и народов мира,,,,
Q39931,Auguste Renoir,Q130368343,,,,,
Q40599,Édouard Manet,Q127157391,Искусство стран и народов мира,,,,
Q45205,Raoul Dufy,Q127157391,Искусство стран и народов мира,,,,
Q46373,Edgar Degas,Q127157391,Искусство стран и народов мира,,,,
Q61064,Vassily Kandinsky,Q126953276,Искусство стран и народов мира,,,,
Q65990,Rosemarie Trockel,,,,,,
Q75858,Jörg Immendorff,,,,,,
Q92395,Jimmy Ernst,,,,,,
Q99924,Jutta Koether,,,,,,
Q118431,Gérard Schneider,,,,,,
Q118798,Walt Kuhn,,,,,,
Q121000,Camille Graeser,,,,,,
Q123138,Johannes Itten,,,,,,
Q123454,Max Bill,,,,,,
Q126074,Richard Lindner,,,,,,
Q151152,Juan Gris,,,,,,
Q154448,Victor Vasarely,,,,,,
Q159465,Richard Hamilton,,,,,,
Q159566,Cy Twombly,,,,,,
Q165275,Robert Motherwell,,,,,,
Q168496,Carlo Carrà,,,,,,
Q170344,Anselm Kiefer,,,,,,
Q175412,Richard Oelze,,,,,,
Q182014,Morris Hirshfield,,,,,,
Q203401,Edward Hopper,,,,,,
Q213726,Jankel Adler,,,,,,
Q215461,Hans Hofmann,,,,,,
Q215526,Eric Isenburger,,,,,,
Q216480,Max Oppenheimer,,,,,,
Q248707,Maurice Prendergast,,,,,,
Q250293,Donald Judd,,,,,,
Q260617,Marlene Dumas,,,,,,
Q274945,Atsuko Tanaka,,,,,,
Q276030,Yaacov Agam,,,,,,
Q293314,Óscar Domínguez,,,,,,
Q307693,Öyvind Fahlström,,,,,,
Q312529,André Masson,,,,,,
Q317041,Otto Mueller,,,,,,
Q317256,Mark Tansey,,,,,,
Q320422,Guido Molinari,,,,,,
Q320605,Pierre Tal Coat,,,,,,
Q320634,Eberhard Havekost,,,,,,
Q320821,Jack Tworkov,,,,,,
Q321158,Norman Bluhm,,,,,,
Q321657,André Lanskoy,,,,,,
Q321715,Sugai Kumi,,,,,,
Q324571,John Walker,,,,,,
Q325079,Alain Jacquet,,,,,,
Q325503,Raúl Anguiano,,,,,,
Q327862,Larry Poons,,,,,,
Q328719,Gianfranco Baruchello,,,,,,
Q330528,Abraham Rattner,,,,,,
Q344446,André Marchand,,,,,,
Q345569,Ad Reinhardt,,,,,,
Q348591,Guillermo Kuitca,,,,,,
Q360286,Paul-Émile Borduas,,,,,,
Q365388,Adolph Gottlieb,,,,,,
Q372225,Alexander Melamid,,,,,,
Q374492,Franz Kline,,,,,,
Q374504,Barnett Newman,,,,,,
Q375268,Frank Stella,,,,,,
Q381031,Sidney Nolan,,,,,,
Q381937,Amédée Ozenfant,,,,,,
Q384860,Serge Poliakoff,,,,,,
Q428550,Jules Olitski,,,,,,
Q432546,Jean Charlot,,,,,,
Q436741,Beatriz Milhazes,,,,,,
Q437729,Cady Noland,,,,,,
Q443641,Kai Althoff,,,,,,
Q445077,Michael Gross,,,,,,
Q447568,Julie Mehretu,,,,,,
Q449677,Walter Dexel,,,,,,
Q450110,Kurt Seligmann,,,,,,
Q458816,Oskar Schlemmer,,,,,,
Q461740,Alberto Burri,,,,,,
Q470314,Antonio Corpora,,,,,,
Q470423,Theodoros Stamos,,,,,,
Q470551,Nicolas de Staël,,,,,,
Q471652,Friedrich Vordemberge-Gildewart,,,,,,
Q471764,Thomas Hart Benton,,,,,,
Q472756,Piero Manzoni,,,,,,
Q472846,Conrad Marca-Relli,,,,,,
Q475655,Leon Golub,,,,,,
Q476542,Carl Buchheister,,,,,,
Q477429,Paul Jenkins,,,,,,
Q478264,Shusaku Arakawa,,,,,,
Q481952,Amy Sillman,,,,,,
Q516924,André Bauchant,,,,,,
Q517651,Shirazeh Houshiary,,,,,,
Q518444,Roger Bissière,,,,,,
Q520713,Joaquín Torres García,,,,,,
Q527001,Kenneth Noland,,,,,,
Q529337,Albert Oehlen,,,,,,
Q530367,Lee Lozano,,,,,,
Q535334,Max Weber,,,,,,
Q541862,Tomma Abts,,,,,,
Q547803,Richard Paul Lohse,,,,,,
Q551865,Bradley Walker Tomlin,,,,,,
Q551902,Modest Cuixart,,,,,,
Q553259,Marsden Hartley,,,,,,
Q553403,Paul Van Hoeydonck,,,,,,
Q553952,Wols,,,,,,
Q561184,Günther Förg,,,,,,
Q562814,Sándor Bortnyik,,,,,,
Q565472,Blinky Palermo,,,,,,
Q568262,Richard Artschwager,,,,,,
Q569505,Ron Kitaj,,,,,,
Q573178,Michelangelo Pistoletto,,,,,,
Q578152,Fritz Winter,,,,,,
Q581763,Graham Sutherland,,,,,,
Q593715,Alexander Liberman,,,,,,
Q602999,Antonio Ruiz,,,,,,
Q604340,Hélio Oiticica,,,,,,
Q643778,Mario Sironi,,,,,,
Q652548,William Baziotes,,,,,,
Q654902,Raoul Ubac,,,,,,
Q664257,Emilio Vedova,,,,,,
Q664268,Alfred Manessier,,,,,,
Q664291,Larry Rivers,,,,,,
Q669728,Wolfgang Paalen,,,,,,
Q671236,Augusto Giacometti,,,,,,
Q674710,Markus Lüpertz,,,,,,
Q683264,Camille Bombois,,,,,,
Q685186,Morris Louis Bernstein,,,,,,
Q690790,Rufino Tamayo,,,,,,
Q698667,Francesco Clemente,,,,,,
Q699326,Otto Freundlich,,,,,,
Q700336,Clyfford Still,,,,,,
Q703660,Tom Wesselmann,,,,,,
Q704588,Stuart Davis,,,,,,
Q704965,Richard Estes,,,,,,
Q707675,John Currin,,,,,,
Q707911,Willi Baumeister,,,,,,
Q708502,Arthur Bowen Davies,,,,,,
Q709461,Arthur Dove,,,,,,
Q724692,Roberto Montenegro,,,,,,
Q726825,Ivo Pannaggi,,,,,,
Q728088,Jean Hélion,,,,,,
Q737913,Moshé Castel,,,,,,
Q740570,Julije Knifer,,,,,,
Q763368,Sandro Chia,,,,,,
Q769610,Frans Krajcberg,,,,,,
Q771670,Georges Vantongerloo,,,,,,
Q781561,Vilmos Huszár,,,,,,
Q822353,Bernard Cohen,,,,,,
Q822507,Bernard Karfiol,,,,,,
Q825963,Neil Jenney,,,,,,
Q827021,Burgoyne Diller,,,,,,
Q827547,Alfonso Ossorio,,,,,,
Q834313,Gastone Novelli,,,,,,
Q834939,Georges Mathieu,,,,,,
Q836743,Richard Tuttle,,,,,,
Q870701,Richard Pousette-Dart,,,,,,
Q870924,Simon Hantaï,,,,,,
Q872641,Julius Bissier,,,,,,
Q879603,Thomas Scheibitz,,,,,,
Q880221,Vitaly Komar,,,,,,
Q880775,Gotthard Graubner,,,,,,
Q919265,Alex Katz,,,,,,
Q921345,Enrico Prampolini,,,,,,
Q936534,Eric Fischl,,,,,,
Q938221,George Tooker,,,,,,
Q943181,Philip Taaffe,,,,,,
Q950746,Howard Hodgkin,,,,,,
Q950751,Richard Wright,,,,,,
Q966116,Carl-Henning Pedersen,,,,,,
Q966853,Salvatore Fiume,,,,,,
Q982526,Leonardo Cremonini,,,,,,
Q995133,Bryan Wynter,,,,,,
Q1077608,Chris Ofili,,,,,,
Q1079125,Christian Bérard,,,,,,
Q1087064,Christopher Wool,,,,,,
Q1147721,Alfred Jensen,,,,,,
Q1174213,David Deutsch,,,,,,
Q1230046,John Covert,,,,,,
Q1247072,Judit Reigl,,,,,,
Q1250139,Robert Longo,,,,,,
Q1257924,Antonio López García,,,,,,
Q1279374,Okada Kenzo,,,,,,
Q1281597,Richard Diebenkorn,,,,,,
Q1288359,Félix González-Torres,,,,,,
Q1301849,Al Held,,,,,,
Q1347013,Pierre Roy,,,,,,
Q1347418,Joseph Stella,,,,,,
Q1352028,Erich Buchholz,,,,,,
Q1353731,Michel Majerus,,,,,,
Q1354277,Laurence Stephen Lowry,,,,,,
Q1364913,Jóhannes Sveinsson Kjarval,,,,,,
Q1372986,John McLaughlin,,,,,,
Q1373050,Eugène Berman,,,,,,
Q1378325,Juan O'Gorman,,,,,,
Q1392667,Patrick Henry Bruce,,,,,,
Q1392676,Ivan Albright,,,,,,
Q1394562,Manolo Millares,,,,,,
Q1406497,William Kurelek,,,,,,
Q1406524,Francisco Bores,,,,,,
Q1429189,Kurt Roesch,,,,,,
Q1466398,Fritz Glarner,,,,,,
Q1508041,George Passmore,,,,,,
Q1522057,Martin Wong,,,,,,
Q1524052,Gilbert Prousch,,,,,,
Q1530754,Reuven Rubin,,,,,,
Q1563526,Louis Vivin,,,,,,
Q1566998,Will Barnet,,,,,,
Q1607422,Octave Landuyt,,,,,,
Q1642699,Peter Halley,,,,,,
Q1668538,James McGarrell,,,,,,
Q1674836,Ronald Davis,,,,,,
Q1680453,James Gill,,,,,,
Q1682200,Jan Schoonhoven,,,,,,
Q1711445,Ross Bleckner,,,,,,
Q1712344,Julio Castellanos,,,,,,
Q1729543,Karin Sander,,,,,,
Q1747401,Mira Schendel,,,,,,
Q1755473,Peter Young,,,,,,
Q1756415,Will Insley,,,,,,
Q1788014,Alfredo Volpi,,,,,,
Q1818900,Leon Polk Smith,,,,,,
Q1861930,Irving Kriesberg,,,,,,
Q1928295,Michael Krebber,,,,,,
Q1984917,Nicholas Krushenick,,,,,,
Q1988310,Ivan Kliun,,,,,,
Q2057967,Patrick Scott,,,,,,
Q2076300,Peter Klasen,,,,,,
Q2089948,John Graham,,,,,,
Q2117132,Albert Eugene Gallatin,,,,,,
Q2150623,Richard Smith,,,,,,
Q2282231,George Ault,,,,,,
Q2343025,Armando Reverón,,,,,,
Q2344742,Morgan Russell,,,,,,
Q2348151,Stanton Macdonald-Wright,,,,,,
Q2361741,Pavel Tchelitchev,,,,,,
Q2363416,Sue Williams,,,,,,
Q2376818,Charles Seliger,,,,,,
Q2405815,Terry Winters,,,,,,
Q2566694,Antonio Berni,,,,,,
Q2574382,Enrico Donati,,,,,,
Q2576565,Marlow Moss,,,,,,
Q2578319,William Copley,,,,,,
Q2646392,Alfredo Zalce,,,,,,
Q2714574,Milton Clark Avery,,,,,,
Q2832922,Alex Colville,,,,,,
Q2859653,Arbit Blatas,,,,,,
Q2960916,Charline Von Heyl,,,,,,
Q2978246,Claude Viallat,,,,,,
Q2990693,Peter Blume,,,,,,
Q2992864,Jack Levine,,,,,,
Q3051555,Elmer Bischoff,,,,,,
Q3059616,Eugenio Granell,,,,,,
Q3061669,Evsa Model,,,,,,
Q3062914,Victor Servranckx,,,,,,
Q3140531,Horia Damian,,,,,,
Q3181933,John Levee,,,,,,
Q3194357,Kawashima Takeshi,,,,,,
Q3289050,Marcel Jean,,,,,,
Q3299800,Matthew Smith,,,,,,
Q3310511,Michel Parmentier,,,,,,
Q3336745,Nathan Oliveira,,,,,,
Q3344179,Morris Kantor,,,,,,
Q3376863,Peter Saul,,,,,,
Q3380022,Philippe Hosiasson,,,,,,
Q3384466,Pierre Clerk,,,,,,
Q3402687,Preston Dickinson,,,,,,
Q3431662,Rico Lebrun,,,,,,
Q3439647,Roger van Rogger,,,,,,
Q3460771,Saburō Murakami,,,,,,
Q3482355,Shirley Jaffe,,,,,,
Q3496871,Stanley Twardowicz,,,,,,
Q3548141,Ulysse Comtois,,,,,,
Q3564983,Wade Guyton,,,,,,
Q3624721,José Pancetti,,,,,,
Q3631144,Albert Tucker,,,,,,
Q3650634,Julian Stanczak,,,,,,
Q3710086,Roland Dorcely,,,,,,
Q3724491,Emilio Pettoruti,,,,,,
Q3809107,John Bratby,,,,,,
Q3852444,Maurice Sterne,,,,,,
Q3858097,Milton Resnick,,,,,,
Q3938239,Robert Colquhoun,,,,,,
Q3938350,Robert MacBryde,,,,,,
Q4019969,William Congdon,,,,,,
Q4085031,Léonide Berman,,,,,,
Q4091000,Ilya Bolotowsky,,,,,,
Q4132681,Ellen Gallagher,,,,,,
Q4228019,Jess Collins,,,,,,
Q4275768,Lucy McKenzie,,,,,,
Q4282221,Marcos Grigorian,,,,,,
Q4303834,Robert Moskowitz,,,,,,
Q4314184,Robert Natkin,,,,,,
Q4348194,Amelia Peláez,,,,,,
Q4363211,John Piper,,,,,,
Q4396038,Mariano,,,,,,
Q4460192,Fred Tomaselli,,,,,,
Q4476103,Kelley Walker,,,,,,
Q4669126,Abraham Palatnik,,,,,,
Q4669219,Abraham Walkowitz,,,,,,
Q4696053,Ahmed Yacoubi,,,,,,
Q4707615,Alan Reynolds,,,,,,
Q4711508,Albert York,,,,,,
Q4718429,Alexander Brook,,,,,,
Q4730556,Allan D'Arcangelo,,,,,,
Q4792796,Armando Morales,,,,,,
Q4795053,Arnold Friedman,,,,,,
Q4797967,Arthur Beecher Carles,,,,,,
Q4821560,Augustus Vincent Tack,,,,,,
Q4850256,Balcomb Greene,,,,,,
Q5046526,Carroll Cloar,,,,,,
Q5112716,Christopher Le Brun,,,,,,
Q5126587,Clarence Holbrook Carter,,,,,,
Q5132000,Cleve Gray,,,,,,
Q5213254,Dan Christensen,,,,,,
Q5238841,David Prentice,,,,,,
Q5277551,Dimitrije Bašičević,,,,,,
Q5295201,Donald Sultan,,,,,,
Q5340671,Eduardo Mac Entyre,,,,,,
Q5342409,Edward Corbett,,,,,,
Q5346359,Edwin Dickinson,,,,,,
Q5354442,Eleanore Mikus,,,,,,
Q5364979,Ellen Phelan,,,,,,
Q5393065,Ernest Fiene,,,,,,
Q5400843,Esteban Vicente,,,,,,
Q5430337,Fairfield Porter,,,,,,
Q5446755,Fidelio Ponce de León,,,,,,
Q5458802,Fletcher Martin,,,,,,
Q5470435,Forrest Bess,,,,,,
Q5531163,Gene Davis,,,,,,
Q5563463,Giorgio Cavallon,,,,,,
Q5620974,Gustaf Oscar Dalström,,,,,,
Q5622550,Guy Pène Du Bois,,,,,,
Q5677520,Harvey Quaytman,,,,,,
Q5724161,Beatriz González,,,,,,
Q5740158,Herman Rose,,,,,,
Q5882826,Gonzalo Ariza,,,,,,
Q5920388,Howard Mehring,,,,,,
Q5943544,José María Sicilia,,,,,,
Q5999102,Mario Urteaga Alvarado,,,,,,
Q6014849,Miguel Ocampo,,,,,,
Q6136819,James Jarvaise,,,,,,
Q6149574,Jan Müller,,,,,,
Q6197218,Jim Nutt,,,,,,
Q6208754,Joe Bradley,,,,,,
Q6210073,Joe Goode,,,,,,
Q6242451,John Kane,,,,,,
Q6284010,Joseph Hirsch,,,,,,
Q6285762,Joseph Ndandarika,,,,,,
Q6499289,Laura Owens,,,,,,
Q6504314,Lawrence Lebduska,,,,,,
Q6558517,Lisa Yuskavage,,,,,,
Q6687104,Louis Michel Eilshemius,,,,,,
Q6708834,Lynette Yiadom Boakye,,,,,,
Q6751468,Manoucher Yektai,,,,,,
Q6756509,Marcelo Bonevardi,,,,,,
Q6768478,Mark Lancaster,,,,,,
Q6881400,Mitchell Siporin,,,,,,
Q6893580,Mohan Samant,,,,,,
Q6894448,Mohsen Vaziri Moghaddam,,,,,,
Q6927328,Mowry Baden,,,,,,
Q6967681,Nassos Daphnis,,,,,,
Q6989468,Neil Welliver,,,,,,
Q7149608,Paul Burlin,,,,,,
Q7150600,Paul Feeley,,,,,,
Q7152183,Paul Mansouroff,,,,,,
Q7176475,Peter Purves Smith,,,,,,
Q7279809,Rackstraw Downes,,,,,,
Q7294439,Raquel Forner,,,,,,
Q7297929,Ray Parker,,,,,,
Q7308806,Reginald Marsh,,,,,,
Q7313672,René Bouché,,,,,,
Q7317523,Reuben Tam,,,,,,
Q7325540,Richard Eurich,,,,,,
Q7344845,Robert Goodnough,,,,,,
Q7351596,Roberto Berdecio,,,,,,
Q7356577,Roderic O'Conor,,,,,,
Q7365903,Ronnie Landfield,,,,,,
Q7406692,Salvatore Scarpitta,,,,,,
Q7416550,Sandra Blow,,,,,,
Q7606161,Stefan Knapp,,,,,,
Q7606170,Stefan Kürten,,,,,,
Q7795122,Thomas Wilfred,,,,,,
Q7815833,Virginia Admiral,,,,,,
Q7931708,Vincent Canadé,,,,,,
Q7966219,Walter Stuempfig,,,,,,
Q8017745,William Ronald,,,,,,
Q8029114,Wojciech Fangor,,,,,,
Q9024950,Luis Benedit,,,,,,
Q9697399,Carlos Augusto da Silva Zilio,,,,,,
Q10393749,Willys de Castro,,,,,,
Q11427894,Domoto Hisao,,,,,,
Q11467515,Takeo Yamaguchi,,,,,,
Q11675040,Chokai Seiji,,,,,,
Q11723006,John Tunnard,,,,,,
Q13476286,Lorser Feitelson,,,,,,
Q13560749,Rebecca H. Quaytman,,,,,,
Q13593213,Lari Pittman,,,,,,
Q15057263,Mladen Stilinović,,,,,,
Q15434488,Thomas Chimes,,,,,,
Q15454606,Josh Smith,,,,,,
Q15461781,Karl Zerbe,,,,,,
Q15487727,Lee Gatch,,,,,,
Q15488794,James Henry Daugherty,,,,,,
Q15525738,Gerald Murphy,,,,,,
Q15991118,Tauba Auerbach,,,,,,
Q16010040,Julian E. Levi,,,,,,
Q16014458,Maud Morgan,,,,,,
Q16016476,John Hultberg,,,,,,
Q16148576,Annette Lemieux,,,,,,
Q16189320,Mark Innerst,,,,,,
Q16223357,Adam Pendleton,,,,,,
Q16551294,Edmondo Bacci,,,,,,
Q16625695,Roberto Ossaye,,,,,,
Q16750233,Christina Ramberg,,,,,,
Q16773503,Paulo Monteiro,,,,,,
Q16930117,Heitor dos Prazeres,,,,,,
Q17024560,Alberto da Veiga Guignard,,,,,,
Q17183235,Karl Knaths,,,,,,
Q17308840,Gandy Brodie,,,,,,
Q17309056,George L. K. Morris,,,,,,
Q17403246,Ryan Sullivan,,,,,,
Q17403677,George McNeil,,,,,,
Q17478646,David Novros,,,,,,
Q18158326,Joseph Pickett,,,,,,
Q18211290,Lidy Prati,,,,,,
Q18343072,Henry Taylor,,,,,,
Q18618565,Everett Spruce,,,,,,
Q18619037,Charles Hinman,,,,,,
Q18686472,Gregory Amenoff,,,,,,
Q19666172,Myron Stout,,,,,,
Q19802329,César Paternosto,,,,,,
Q19802859,Elsa Schmid,,,,,,
Q19858928,Sandra Gamarra,,,,,,
Q20010999,Eduardo Costa,,,,,,
Q20089904,Ludwig Sander,,,,,,
Q20091614,Billy Sullivan,,,,,,
Q20108928,Michael Williams,,,,,,
Q20200633,Patrick Sullivan,,,,,,
Q20200670,John Atherton,,,,,,
Q20200699,Rafael Moreno,,,,,,
Q20200797,David Webster,,,,,,
Q20741904,Sarai Sherman,,,,,,
Q20822703,Loren MacIver,,,,,,
Q20824294,Agustín Fernández,,,,,,
Q20825697,Niles Spencer,,,,,,
Q20855646,Edda Renouf,,,,,,
Q20856724,Denise Green,,,,,,
Q20859485,Benjamin Kopman,,,,,,
Q20859511,Sidney Laufman,,,,,,
Q20860856,Eugenie Baizerman,,,,,,
Q20877821,Franklin C. Watkins,,,,,,
Q20887067,John Ferren,,,,,,
Q20887166,Walter Quirt,,,,,,
Q20887173,Jake Berthot,,,,,,
Q20891815,Knud Merrild,,,,,,
Q20899709,Mervin Jules,,,,,,
Q20902173,Attilio Salemme,,,,,,
Q20902801,Maurice Grosser,,,,,,
Q20936623,Arthur Osver,,,,,,
Q20937564,Darrel Austin,,,,,,
Q20988977,Pamela Bianco,,,,,,
Q21077787,Luis Martínez Pedro,,,,,,
Q21095010,Wallace Putnam,,,,,,
Q21095008,Joseph Mellor Hanson,,,,,,
Q21095022,Jorge Damiani,,,,,,
Q21095023,Albert Urban,,,,,,
Q21104564,Dominique-Paul Peyronnet,,,,,,
Q21104576,Bob Kane,,,,,,
Q21206588,Ben Cunningham,,,,,,
Q21286616,Lajos D'Ebneth,,,,,,
Q21286617,Jean Ève,,,,,,
Q21286621,Edward C. Hunt,,,,,,
Q21286723,William Doriani,,,,,,
Q21286730,Onofrio A. Pacenza,,,,,,
Q21286764,Frederick Papsdorf,,,,,,
Q21286765,Pasquale Santo,,,,,,
Q21286777,Alton Pickens,,,,,,
Q21287805,Reena Spaulings,,,,,,
Q21290811,Jeff Elrod,,,,,,
Q21290809,Alex Israel,,,,,,
Q21290814,Cheyney Thompson,,,,,,
Q21290812,Mary Weatherford,,,,,,
Q21290818,Adele Röder,,,,,,
Q21290816,Sergej Jensen,,,,,,
Q21290817,Kerstin Brätsch,,,,,,
Q21290822,Tim Bavington,,,,,,
Q21290823,Magnus Plessen,,,,,,
Q21290820,Blake Rayne,,,,,,
Q21290821,Jacqueline Humphries,,,,,,
Q21290826,Matthew Abbott,,,,,,
Q21290825,Douglas Blau,,,,,,
Q21290828,Miguel Angel Rios,,,,,,
Q21290829,Ralph Humphrey,,,,,,
Q21290833,Arch Connelly,,,,,,
Q21290863,Renato Cristiano,,,,,,
Q21484638,Tadasky,,,,,,
Q21484662,Alejandro Puente,,,,,,
Q21486065,Daniel LaRue Johnson,,,,,,
Q21486069,Donald Kaufman,,,,,,
Q21486073,Enrique Zanartu,,,,,,
Q21486079,Francis Celentano,,,,,,
Q21486080,Harry Zolotow,,,,,,
Q21486091,Israel Litwak,,,,,,
Q21486088,Ida E. Fischer,,,,,,
Q21486092,James Edward Davis,,,,,,
Q21486098,Marcello Muccini,,,,,,
Q21486099,Marina Stern,,,,,,
Q21486097,José Antonio Fernández-Muro,,,,,,
Q21486107,Richard Lytle,,,,,,
Q21486109,Robert Kabak,,,,,,
Q21486113,Stanislao Lepri,,,,,,
Q21486118,Kirsten Kraa,,,,,,
Q21486185,Nikolas Gambaroff,,,,,,
Q27150709,Shuji Mukai,,,,,,
Q51030921,Erol Akyavaş,,,,,,
Q77348251,Erica Karawina,,,,,,
Q16809,Nína Tryggvadóttir,,,,,,
Q44033,Alan Davie,,,,,,
Q62249,Karl Hofer,,,,,,
Q160141,Chaïm Soutine,Q67311526,,,,,
Q160422,Theo van Doesburg,Q67311526,,,,,
Q567070,Antonio Seguí,Q67311526,,,,,
Q573374,Jan Dibbets,Q67311526,,,,,
Q593621,Daniel Buren,Q67311526,,,,,
Q610532,David Bourliouk,Q67311526,,,,,
Q624868,Charles Sheeler,Q67311526,,,,,
Q631835,Mordecai Ardon,Q67311526,,,,,
Q657402,Hans Hartung,Q51955019,,,,,
Q4724,Le Corbusier,Q127157391,Искусство стран и народов мира,,,,
Q21286729,Matthew Rackham Barnes,,,,,,
Q21286734,Alfredo Guido,,,,,,
Q21286747,Martin Baer,,,,,,
Q21286751,Richard Munsell,,,,,,
Q21286759,Byron Thomas,,,,,,
Q21286762,Jewett Campbell,,,,,,
